trade_date,ts_code,close,settle,vol,amount,oi
20210322,AL2105.SHF,17535.0,17535.0,335915.0,2945762.0,240775.0
20210322,AL2105.SHF,17535.0,17535.0,335915.0,2945762.0,240775.0
20210319,AL2105.SHF,17415.0,17410.0,318942.0,2776728.0,232436.0
20210319,AL2105.SHF,17415.0,17410.0,318942.0,2776728.0,232436.0
20210318,AL2105.SHF,17475.0,17690.0,352965.0,3122767.0,254945.0
20210318,AL2105.SHF,17475.0,17690.0,352965.0,3122767.0,254945.0
20210317,AL2105.SHF,17710.0,17620.0,255193.0,2248690.0,259093.0
20210317,AL2105.SHF,17710.0,17620.0,255193.0,2248690.0,259093.0
20210316,AL2105.SHF,17575.0,17785.0,404273.0,3595916.0,254083.0
20210316,AL2105.SHF,17575.0,17785.0,404273.0,3595916.0,254083.0
20210315,AL2104.SHF,17650.0,17530.0,241203.0,2114376.0,179533.0
20210312,AL2104.SHF,17310.0,17370.0,217527.0,1889301.0,182802.0
20210311,AL2104.SHF,17530.0,17355.0,236137.0,2049248.0,192804.0
20210310,AL2104.SHF,17185.0,17090.0,245062.0,2094352.0,184914.0
20210309,AL2104.SHF,16990.0,17195.0,259953.0,2235224.0,185646.0
20210308,AL2104.SHF,17260.0,17360.0,272107.0,2362129.0,192979.0
20210305,AL2104.SHF,17245.0,17230.0,387498.0,3338647.0,198650.0
20210304,AL2104.SHF,17130.0,17540.0,436036.0,3824673.0,203818.0
20210303,AL2104.SHF,17640.0,17415.0,402630.0,3506125.0,206572.0
20210302,AL2104.SHF,16890.0,16935.0,272552.0,2308075.0,190051.0
20210301,AL2104.SHF,17020.0,17085.0,422687.0,3610938.0,194587.0
20210226,AL2104.SHF,17465.0,17400.0,472973.0,4115047.0,216438.0
20210225,AL2104.SHF,17480.0,17230.0,439824.0,3789862.0,225681.0
20210224,AL2104.SHF,16630.0,16640.0,235683.0,1961437.0,208263.0
20210223,AL2104.SHF,16690.0,16710.0,272612.0,2278242.0,209647.0
20210222,AL2104.SHF,16735.0,16690.0,323511.0,2700474.0,213047.0
20210219,AL2103.SHF,16485.0,16530.0,147864.0,1222122.0,133572.0
20210218,AL2103.SHF,16510.0,16350.0,112248.0,917879.0,147101.0
20210210,AL2103.SHF,15900.0,15860.0,150061.0,1190001.0,151166.0
20210209,AL2103.SHF,15865.0,15850.0,165345.0,1310654.0,158397.0
20210208,AL2103.SHF,15780.0,15675.0,176832.0,1386137.0,171227.0
20210205,AL2103.SHF,15555.0,15455.0,200609.0,1550223.08,174710.0
20210204,AL2103.SHF,15280.0,15175.0,192686.0,1462309.0,168558.0
20210203,AL2103.SHF,14965.0,14985.0,142647.0,1069063.0,167214.0
20210202,AL2103.SHF,14945.0,15095.0,201240.0,1519307.0,165232.0
20210201,AL2103.SHF,15260.0,15200.0,247478.0,1881210.0,174047.0
20210129,AL2103.SHF,15005.0,14930.0,220410.0,1645662.0,164633.0
20210128,AL2103.SHF,14815.0,14810.0,208964.0,1547527.1,164641.0
20210127,AL2103.SHF,14885.0,14875.0,127822.0,950975.6175,169560.0
20210126,AL2103.SHF,14845.0,14880.0,157253.0,1170089.0825,164626.0
20210125,AL2103.SHF,14945.0,14960.0,211119.0,1579687.0,159837.0
20210122,AL2103.SHF,14905.0,14970.0,201780.0,1510570.0,155111.0
20210121,AL2103.SHF,14975.0,14890.0,179953.0,1340188.0,164462.0
20210120,AL2103.SHF,14805.0,14725.0,159445.0,1174089.0,152232.0
20210119,AL2103.SHF,14745.0,14825.0,160403.0,1189135.0,147752.0
20210118,AL2103.SHF,14940.0,14930.0,157664.0,1177166.0,144865.0
20210115,AL2102.SHF,14865.0,14860.0,112849.0,838475.0,100388.0
20210114,AL2102.SHF,14795.0,14720.0,135802.0,999725.0,103423.0
20210113,AL2102.SHF,14755.0,14855.0,147153.0,1093281.0,107083.0
20210112,AL2102.SHF,14955.0,14920.0,157396.0,1174369.0,106166.0
20210111,AL2102.SHF,15010.0,15160.0,194965.0,1478012.0,110112.0
20210108,AL2102.SHF,15340.0,15420.0,204489.0,1576617.0,111591.0
20210107,AL2102.SHF,15320.0,15305.0,162494.0,1243722.0,115837.0
20210106,AL2102.SHF,15400.0,15395.0,133705.0,1029501.0,117458.0
20210105,AL2102.SHF,15370.0,15455.0,151010.0,1166956.0,116640.0
20210104,AL2102.SHF,15430.0,15300.0,130932.0,1001752.46,115841.0
20201231,AL2102.SHF,15460.0,15475.0,155479.0,1203335.1575,112085.0
20201230,AL2102.SHF,15490.0,15475.0,176995.0,1369672.0,113464.0
20201229,AL2102.SHF,15365.0,15475.0,211075.0,1633648.16,116697.0
20201228,AL2102.SHF,15565.0,15755.0,178558.0,1406867.76,117590.0
20201225,AL2102.SHF,15900.0,15925.0,133440.0,1062797.0,111777.0
20201224,AL2102.SHF,15940.0,15855.0,138867.0,1101117.0,112782.0
20201223,AL2101.SHF,15890.0,15875.0,107448.0,853047.0,79607.0
20201222,AL2101.SHF,15840.0,16090.0,183468.0,1476160.0,86874.0
20201221,AL2101.SHF,16280.0,16425.0,204999.0,1683668.0,97684.0
20201218,AL2101.SHF,16780.0,16670.0,170794.0,1423865.0,113882.0
20201217,AL2101.SHF,16515.0,16465.0,119875.0,986981.0,116477.0
20201216,AL2101.SHF,16370.0,16320.0,136131.0,1111073.0,112974.0
20201215,AL2101.SHF,16230.0,16275.0,137651.0,1120361.0,118752.0
20201214,AL2101.SHF,16315.0,16275.0,188139.0,1531189.0,123833.0
20201211,AL2101.SHF,16110.0,16385.0,256492.0,2101512.0,124782.0
20201210,AL2101.SHF,16335.0,16215.0,194846.0,1579948.0,133982.0
20201209,AL2101.SHF,15955.0,15990.0,175205.0,1400773.0,132579.0
20201208,AL2101.SHF,16070.0,16135.0,158796.0,1281124.0,133101.0
20201207,AL2101.SHF,16075.0,16235.0,235946.0,1915348.512,134820.0
20201204,AL2101.SHF,16350.0,16180.0,287116.0,2323074.0,141881.0
20201203,AL2101.SHF,16170.0,16485.0,276209.0,2277211.132,145883.0
20201202,AL2101.SHF,16835.0,16820.0,215233.0,1810584.322,159091.0
20201201,AL2101.SHF,16615.0,16635.0,267947.0,2229167.375,155680.0
20201130,AL2101.SHF,16485.0,16335.0,239978.0,1960271.8075,162310.0
20201127,AL2101.SHF,16090.0,16015.0,199238.0,1595585.825,159177.0
20201126,AL2012.SHF,16005.0,15975.0,86647.0,692287.9025,90067.0
20201125,AL2012.SHF,16060.0,15970.0,160974.0,1285732.0,109330.0
20201124,AL2012.SHF,15880.0,15800.0,130477.0,1011570.0,119342.0
20201123,AL2012.SHF,15865.0,15885.0,126179.0,1002216.0,133136.0
20201120,AL2012.SHF,15960.0,15815.0,114755.0,907496.0,140392.0
20201119,AL2012.SHF,15755.0,15805.0,174630.0,1380156.265,143307.0
20201118,AL2012.SHF,15785.0,15590.0,146544.0,1142433.0,156575.0
20201117,AL2012.SHF,15390.0,15380.0,102820.0,790715.0,151407.0
20201116,AL2012.SHF,15390.0,15470.0,153250.0,1185353.165,154987.0
20201113,AL2012.SHF,15530.0,15440.0,140184.0,1082483.0,158604.0
20201112,AL2012.SHF,15350.0,15260.0,120382.0,918694.0,157538.0
20201111,AL2012.SHF,15180.0,15045.0,124525.0,936981.0,155070.0
20201110,AL2012.SHF,14945.0,14945.0,141719.0,1059149.0,139459.0
20201109,AL2012.SHF,14870.0,14905.0,117674.0,877022.0,137200.0
20201106,AL2012.SHF,14845.0,14815.0,73800.0,546718.0,136671.0
20201105,AL2012.SHF,14850.0,14790.0,87249.0,645395.0,138568.0
20201104,AL2012.SHF,14750.0,14785.0,136012.0,1005785.0,131436.0
20201103,AL2012.SHF,14760.0,14805.0,128265.0,949632.0,136930.0
20201102,AL2012.SHF,14825.0,14665.0,214401.0,1572274.0,135847.0
20201030,AL2012.SHF,14370.0,14400.0,111205.0,800701.0,106264.0
20201029,AL2012.SHF,14440.0,14360.0,136356.0,979252.0,102115.0
20201028,AL2011.SHF,14585.0,14620.0,85216.0,622980.0,84940.0
20201027,AL2011.SHF,14715.0,14755.0,73095.0,539278.0,100620.0
20201026,AL2011.SHF,14740.0,14750.0,73043.0,538793.0,111496.0
20201023,AL2011.SHF,14725.0,14720.0,66741.0,491257.345,117229.0
20201022,AL2011.SHF,14725.0,14760.0,81168.0,598965.63,120331.0
20201021,AL2011.SHF,14720.0,14720.0,101219.0,744991.0925,121395.0
20201020,AL2011.SHF,14750.0,14770.0,76757.0,566941.27,127715.0
20201019,AL2011.SHF,14800.0,14835.0,115046.0,853436.1175,132210.0
20201016,AL2011.SHF,14710.0,14675.0,109000.0,799824.4075,129298.0
20201015,AL2011.SHF,14680.0,14660.0,95120.0,697383.9875,127023.0
20201014,AL2011.SHF,14650.0,14645.0,95766.0,701464.105,126079.0
20201013,AL2011.SHF,14620.0,14610.0,99342.0,725779.3175,121836.0
20201012,AL2011.SHF,14595.0,14490.0,103737.0,751804.6025,115523.0
20201009,AL2011.SHF,14420.0,14400.0,76885.0,553720.825,106602.0
20200930,AL2011.SHF,14145.0,14200.0,116373.0,826406.66,101113.0
20200929,AL2011.SHF,14205.0,14200.0,124186.0,881909.1325,107188.0
20200928,AL2011.SHF,14100.0,13975.0,147337.0,1029780.025,116072.0
20200925,AL2010.SHF,14090.0,13925.0,153085.0,1065980.9525,74361.0
20200924,AL2010.SHF,13940.0,14045.0,195361.0,1355578.9275,96491.0
20200923,AL2010.SHF,14345.0,14470.0,121572.0,878426.3975,104178.0
20200922,AL2010.SHF,14525.0,14590.0,107284.0,782781.6325,109151.0
20200921,AL2010.SHF,14665.0,14655.0,80813.0,592165.0975,120342.0
20200918,AL2010.SHF,14640.0,14580.0,109463.0,798071.3275,121608.0
20200917,AL2010.SHF,14505.0,14520.0,87716.0,636520.105,120380.0
20200916,AL2010.SHF,14550.0,14545.0,76812.0,558756.395,122927.0
20200915,AL2010.SHF,14570.0,14505.0,102103.0,740596.5775,122927.0
20200914,AL2010.SHF,14515.0,14415.0,144518.0,1041909.225,126473.0
20200911,AL2010.SHF,14235.0,14410.0,155647.0,1121471.225,127452.0
20200910,AL2010.SHF,14340.0,14370.0,72088.0,518033.8,122757.0
20200909,AL2010.SHF,14355.0,14380.0,126649.0,910671.29,121708.0
20200908,AL2010.SHF,14485.0,14495.0,75818.0,549631.6875,120941.0
20200907,AL2010.SHF,14480.0,14435.0,129081.0,931744.6975,121885.0
20200904,AL2010.SHF,14270.0,14285.0,123074.0,879088.7625,124344.0
20200903,AL2010.SHF,14310.0,14385.0,124049.0,892271.28,125211.0
20200902,AL2010.SHF,14505.0,14455.0,136329.0,985397.1625,127034.0
20200901,AL2010.SHF,14555.0,14570.0,84629.0,616572.1225,123446.0
20200831,AL2010.SHF,14540.0,14595.0,98204.0,716753.74,118362.0
20200828,AL2010.SHF,14605.0,14550.0,102554.0,746303.915,120637.0
20200827,AL2010.SHF,14555.0,14595.0,89262.0,651590.6475,112796.0
20200826,AL2009.SHF,14765.0,14690.0,65837.0,483703.0775,90642.0
20200825,AL2009.SHF,14590.0,14675.0,64180.0,471052.5925,99467.0
20200824,AL2009.SHF,14755.0,14660.0,92524.0,678290.7625,105445.0
20200821,AL2009.SHF,14710.0,14820.0,129200.0,957594.56,113300.0
20200820,AL2009.SHF,14675.0,14710.0,94753.0,697108.66,113636.0
20200819,AL2009.SHF,14635.0,14555.0,104329.0,759349.65,115378.0
20200818,AL2009.SHF,14435.0,14425.0,73097.0,527275.515,114645.0
20200817,AL2009.SHF,14405.0,14335.0,113964.0,816852.255,113916.0
20200814,AL2009.SHF,14405.0,14365.0,98283.0,705986.08,118139.0
20200813,AL2009.SHF,14360.0,14360.0,111975.0,804184.82,115366.0
20200812,AL2009.SHF,14235.0,14245.0,107460.0,765452.4425,118416.0
20200811,AL2009.SHF,14220.0,14305.0,127438.0,911726.305,122283.0
20200810,AL2009.SHF,14355.0,14450.0,137858.0,996095.1975,123047.0
20200807,AL2009.SHF,14555.0,14490.0,116414.0,843530.6525,127834.0
20200806,AL2009.SHF,14505.0,14545.0,156315.0,1137172.3125,131365.0
20200805,AL2009.SHF,14660.0,14720.0,134734.0,991935.07,134584.0
20200804,AL2009.SHF,14695.0,14725.0,118107.0,869754.79,129964.0
20200803,AL2009.SHF,14600.0,14595.0,126686.0,924528.1775,126062.0
20200731,AL2009.SHF,14685.0,14680.0,165307.0,1213363.965,128926.0
20200730,AL2009.SHF,14720.0,14675.0,184924.0,1356962.9425,133440.0
20200729,AL2009.SHF,14505.0,14460.0,149383.0,1080259.5075,124087.0
20200728,AL2009.SHF,14330.0,14295.0,119313.0,852923.1525,108345.0
20200727,AL2008.SHF,14440.0,14440.0,65477.0,472834.4625,99005.0
20200724,AL2008.SHF,14405.0,14420.0,85880.0,619365.14,103697.0
20200723,AL2008.SHF,14395.0,14365.0,73065.0,524925.65,109583.0
20200722,AL2008.SHF,14390.0,14390.0,79131.0,569441.8475,113228.0
20200721,AL2008.SHF,14245.0,14245.0,72396.0,515729.565,117163.0
20200720,AL2008.SHF,14245.0,14240.0,91159.0,649260.7525,120197.0
20200717,AL2008.SHF,14155.0,14100.0,112473.0,792999.4825,122892.0
20200716,AL2008.SHF,13975.0,14195.0,157918.0,1120974.5425,129363.0
20200715,AL2008.SHF,14475.0,14485.0,119770.0,867695.0725,137782.0
20200714,AL2008.SHF,14485.0,14580.0,155686.0,1134957.685,142136.0
20200713,AL2008.SHF,14730.0,14650.0,214046.0,1568268.135,148900.0
20200710,AL2008.SHF,14375.0,14330.0,137078.0,982499.2575,164704.0
20200709,AL2008.SHF,14290.0,14215.0,114121.0,811339.6025,162222.0
20200708,AL2008.SHF,14150.0,14050.0,124209.0,872857.5,164340.0
20200707,AL2008.SHF,14060.0,14115.0,111672.0,788294.395,163969.0
20200706,AL2008.SHF,14125.0,14075.0,102848.0,723978.6025,166738.0
20200703,AL2008.SHF,14055.0,13995.0,82807.0,579514.485,168189.0
20200702,AL2008.SHF,13965.0,13980.0,101746.0,711362.3725,165872.0
20200701,AL2008.SHF,14030.0,13935.0,101045.0,704201.7825,168349.0
20200630,AL2008.SHF,13830.0,13800.0,91061.0,628468.305,165170.0
20200629,AL2008.SHF,13775.0,13725.0,82348.0,565268.1925,159874.0
20200624,AL2008.SHF,13605.0,13625.0,78639.0,535923.64,151068.0
20200623,AL2008.SHF,13655.0,13675.0,111267.0,761003.755,154966.0
20200622,AL2007.SHF,13865.0,13785.0,82441.0,568236.675,98819.0
20200619,AL2007.SHF,13795.0,13740.0,77571.0,533040.1975,104717.0
20200618,AL2007.SHF,13745.0,13780.0,95277.0,656587.0025,113686.0
20200617,AL2007.SHF,13840.0,13880.0,120800.0,838408.3675,121571.0
20200616,AL2007.SHF,13875.0,13770.0,116479.0,802119.5025,130751.0
20200615,AL2007.SHF,13605.0,13610.0,115854.0,788552.4475,133233.0
20200612,AL2007.SHF,13625.0,13570.0,102779.0,697515.2025,135669.0
20200611,AL2007.SHF,13535.0,13675.0,138563.0,947593.7425,135790.0
20200610,AL2007.SHF,13670.0,13620.0,97139.0,661734.64,142093.0
20200609,AL2007.SHF,13555.0,13545.0,134031.0,907728.865,144644.0
20200608,AL2007.SHF,13420.0,13335.0,90180.0,601397.6425,143804.0
20200605,AL2007.SHF,13180.0,13155.0,75034.0,493542.3,143276.0
20200604,AL2007.SHF,13165.0,13170.0,58864.0,387712.03,143555.0
20200603,AL2007.SHF,13150.0,13100.0,77940.0,510598.195,143223.0
20200602,AL2007.SHF,13025.0,13085.0,87361.0,571664.785,148569.0
20200601,AL2007.SHF,13160.0,13165.0,85265.0,561419.815,147941.0
20200529,AL2007.SHF,13215.0,13155.0,105261.0,692497.6975,151432.0
20200528,AL2007.SHF,13155.0,13105.0,116601.0,764187.6675,160386.0
20200527,AL2007.SHF,13015.0,12965.0,121209.0,785951.665,157001.0
20200526,AL2007.SHF,12940.0,12905.0,88337.0,570164.0525,160794.0
20200525,AL2007.SHF,12840.0,12825.0,81336.0,521750.8975,157683.0
20200522,AL2007.SHF,12790.0,12800.0,123283.0,789303.71,157674.0
20200521,AL2007.SHF,12775.0,12845.0,162060.0,1040854.83,156694.0
20200520,AL2007.SHF,12875.0,12870.0,91086.0,586172.7025,160020.0
20200519,AL2007.SHF,12850.0,12875.0,131248.0,845149.515,157060.0
20200518,AL2007.SHF,12760.0,12685.0,137366.0,871543.9475,160025.0
20200515,AL2007.SHF,12600.0,12560.0,92705.0,582408.17,154231.0
20200514,AL2007.SHF,12530.0,12485.0,86524.0,540217.8725,149575.0
20200513,AL2007.SHF,12495.0,12400.0,119178.0,739100.21,149492.0
20200512,AL2007.SHF,12415.0,12510.0,84721.0,529947.005,147878.0
20200511,AL2007.SHF,12535.0,12505.0,83909.0,524737.1525,141773.0
20200508,AL2007.SHF,12430.0,12405.0,104979.0,651236.29,143359.0
20200507,AL2007.SHF,12460.0,12510.0,80385.0,502935.88,130823.0
20200506,AL2007.SHF,12585.0,12560.0,71746.0,450665.3025,127232.0
20200430,AL2007.SHF,12500.0,12450.0,63365.0,394526.31,122139.0
20200429,AL2006.SHF,12585.0,12585.0,97150.0,611386.68,116177.0
20200428,AL2006.SHF,12485.0,12460.0,88978.0,554436.93,123726.0
20200427,AL2006.SHF,12410.0,12370.0,82017.0,507384.7925,124995.0
20200424,AL2006.SHF,12285.0,12280.0,74055.0,454773.095,123689.0
20200423,AL2006.SHF,12245.0,12310.0,93094.0,573045.88,129026.0
20200422,AL2006.SHF,12195.0,12135.0,116790.0,708764.38,128027.0
20200421,AL2006.SHF,12105.0,12135.0,138785.0,842234.795,127159.0
20200420,AL2006.SHF,12340.0,12350.0,128665.0,794802.54,131213.0
20200417,AL2006.SHF,12410.0,12255.0,122074.0,748184.51,135283.0
20200416,AL2006.SHF,12085.0,12020.0,106675.0,641255.98,136020.0
20200415,AL2006.SHF,11950.0,11910.0,107348.0,639371.4725,139056.0
20200414,AL2006.SHF,11770.0,11770.0,53035.0,312234.485,141688.0
20200413,AL2006.SHF,11755.0,11785.0,73504.0,433268.5725,141380.0
20200410,AL2006.SHF,11845.0,11765.0,87611.0,515422.335,137944.0
20200409,AL2006.SHF,11655.0,11640.0,72427.0,421611.7425,137719.0
20200408,AL2006.SHF,11620.0,11580.0,78156.0,452688.26,138326.0
20200407,AL2006.SHF,11620.0,11635.0,89565.0,521222.6725,136534.0
20200403,AL2006.SHF,11545.0,11530.0,99546.0,573885.4475,135504.0
20200402,AL2006.SHF,11475.0,11355.0,128600.0,730383.855,134491.0
20200401,AL2006.SHF,11445.0,11540.0,83590.0,482480.075,133318.0
20200331,AL2005.SHF,11570.0,11570.0,46790.0,270723.6875,119452.0
20200330,AL2005.SHF,11515.0,11560.0,77006.0,445259.1725,121935.0
20200327,AL2005.SHF,11740.0,11685.0,90690.0,529856.5325,126260.0
20200326,AL2005.SHF,11640.0,11655.0,84326.0,491578.02,129044.0
20200325,AL2005.SHF,11700.0,11530.0,100165.0,577656.535,130751.0
20200324,AL2005.SHF,11435.0,11405.0,76489.0,436246.9575,137117.0
20200323,AL2005.SHF,11345.0,11375.0,143645.0,817021.855,141778.0
20200320,AL2005.SHF,11995.0,11970.0,117717.0,704656.22,142189.0
20200319,AL2005.SHF,11805.0,11940.0,128863.0,769318.735,146150.0
20200318,AL2005.SHF,12300.0,12480.0,145746.0,909475.575,155405.0
20200317,AL2005.SHF,12740.0,12745.0,68751.0,438272.935,153813.0
20200316,AL2005.SHF,12820.0,12875.0,60353.0,388556.07,151506.0
20200313,AL2005.SHF,12920.0,12865.0,99683.0,641303.2125,147754.0
20200312,AL2005.SHF,12870.0,12865.0,64231.0,413223.3875,149041.0
20200311,AL2005.SHF,12935.0,12960.0,46964.0,304347.8975,149329.0
20200310,AL2005.SHF,12985.0,12970.0,65427.0,424378.6225,148631.0
20200309,AL2005.SHF,12890.0,12915.0,95705.0,618218.695,143519.0
20200306,AL2005.SHF,13175.0,13170.0,57706.0,379994.1575,136363.0
20200305,AL2005.SHF,13245.0,13230.0,47219.0,312416.77,132234.0
20200304,AL2004.SHF,13205.0,13175.0,40152.0,264549.98,121811.0
20200303,AL2004.SHF,13280.0,13295.0,41526.0,276124.6725,124579.0
20200302,AL2004.SHF,13255.0,13215.0,76483.0,505481.4925,126678.0
20200228,AL2004.SHF,13110.0,13240.0,100672.0,666486.7075,131339.0
20200227,AL2004.SHF,13430.0,13450.0,44500.0,299314.2725,131547.0
20200226,AL2004.SHF,13490.0,13510.0,34701.0,234413.6775,125501.0
20200225,AL2004.SHF,13535.0,13500.0,45488.0,307095.65,127080.0
20200224,AL2004.SHF,13530.0,13505.0,56103.0,378888.29,128302.0
20200221,AL2004.SHF,13580.0,13610.0,45659.0,310752.63,124422.0
20200220,AL2004.SHF,13670.0,13675.0,30826.0,210814.395,113884.0
20200219,AL2004.SHF,13710.0,13705.0,25373.0,173883.435,107398.0
20200218,AL2004.SHF,13725.0,13710.0,33946.0,232721.375,104009.0
20200217,AL2004.SHF,13690.0,13680.0,33817.0,231340.585,101744.0
20200214,AL2004.SHF,13720.0,13725.0,24129.0,165605.285,95773.0
20200213,AL2004.SHF,13730.0,13735.0,19797.0,135987.9225,92876.0
20200212,AL2003.SHF,13745.0,13765.0,35508.0,244432.37,87284.0
20200211,AL2003.SHF,13780.0,13775.0,48198.0,332002.38,88973.0
20200210,AL2003.SHF,13715.0,13690.0,32053.0,219480.565,88701.0
20200207,AL2003.SHF,13725.0,13700.0,23924.0,163889.5525,84114.0
20200206,AL2003.SHF,13670.0,13660.0,19808.0,135294.6225,85312.0
20200205,AL2003.SHF,13625.0,13615.0,39395.0,268188.4325,86792.0
20200204,AL2003.SHF,13605.0,13585.0,45158.0,306739.055,90886.0
20200203,AL2003.SHF,13605.0,13655.0,96212.0,656895.865,97907.0
20200123,AL2003.SHF,14100.0,14125.0,44599.0,315007.975,117858.0
20200122,AL2003.SHF,14165.0,14130.0,48264.0,341055.0,121964.0
20200121,AL2003.SHF,14120.0,14170.0,73944.0,524057.1875,126373.0
20200120,AL2003.SHF,14210.0,14240.0,89594.0,638092.435,133754.0
20200117,AL2003.SHF,14280.0,14280.0,122690.0,876199.8475,133078.0
20200116,AL2003.SHF,14300.0,14105.0,115718.0,816316.705,128880.0
20200115,AL2003.SHF,13970.0,13950.0,66872.0,466453.7075,118102.0
20200114,AL2003.SHF,13930.0,13950.0,73038.0,509563.1925,115646.0
20200113,AL2003.SHF,13960.0,14005.0,95684.0,670129.805,113542.0
20200110,AL2003.SHF,14110.0,14070.0,58991.0,415029.7575,111965.0
20200109,AL2003.SHF,13990.0,14020.0,40444.0,283538.3175,102996.0
20200108,AL2002.SHF,14155.0,14095.0,46057.0,324650.7325,99561.0
20200107,AL2002.SHF,14070.0,14080.0,40460.0,284927.4575,102454.0
20200106,AL2002.SHF,14105.0,14100.0,61253.0,431877.4875,104069.0
20200103,AL2002.SHF,14085.0,14015.0,70834.0,496519.8725,110425.0
20200102,AL2002.SHF,14090.0,14110.0,38578.0,272202.1975,115942.0
20191231,AL2002.SHF,14110.0,14090.0,110898.0,781518.53,238360.0
20191230,AL2002.SHF,14090.0,14095.0,121864.0,859124.825,241638.0
20191227,AL2002.SHF,14075.0,14060.0,146540.0,1030482.12,246994.0
20191226,AL2002.SHF,14055.0,14125.0,147754.0,1043766.725,257698.0
20191225,AL2002.SHF,14235.0,14235.0,121360.0,863788.745,257204.0
20191224,AL2002.SHF,14235.0,14210.0,125606.0,892463.0,258522.0
20191223,AL2002.SHF,14185.0,14200.0,136738.0,971010.02,257810.0
20191220,AL2002.SHF,14175.0,14195.0,120680.0,856581.61,259954.0
20191219,AL2002.SHF,14200.0,14155.0,173970.0,1231529.07,261938.0
20191218,AL2002.SHF,14100.0,14060.0,190234.0,1337623.365,261818.0
20191217,AL2002.SHF,14015.0,13970.0,190228.0,1328863.885,257544.0
20191216,AL2002.SHF,13915.0,13920.0,145712.0,1014176.955,240798.0
20191213,AL2002.SHF,13945.0,13905.0,168728.0,1173108.775,237592.0
20191212,AL2002.SHF,13880.0,13905.0,93430.0,649575.285,220570.0
20191211,AL2002.SHF,13925.0,13920.0,124520.0,866705.505,216774.0
20191210,AL2001.SHF,13990.0,13960.0,101248.0,706736.805,181778.0
20191209,AL2001.SHF,13935.0,13880.0,105966.0,735657.825,187038.0
20191206,AL2001.SHF,13840.0,13875.0,94006.0,652236.985,195564.0
20191205,AL2001.SHF,13930.0,13940.0,77844.0,542605.08,201628.0
20191204,AL2001.SHF,13970.0,13950.0,100752.0,702840.115,204008.0
20191203,AL2001.SHF,13945.0,13950.0,126094.0,879698.07,203396.0
20191202,AL2001.SHF,13950.0,13895.0,157464.0,1094284.36,208592.0
20191129,AL2001.SHF,13885.0,13825.0,142388.0,984359.055,201954.0
20191128,AL2001.SHF,13810.0,13765.0,106162.0,730749.3,202132.0
20191127,AL2001.SHF,13735.0,13735.0,104446.0,717328.835,206072.0
20191126,AL2001.SHF,13755.0,13765.0,98856.0,680568.235,202194.0
20191125,AL2001.SHF,13805.0,13835.0,103218.0,714239.08,205808.0
20191122,AL2001.SHF,13855.0,13840.0,76718.0,531046.815,211188.0
20191121,AL2001.SHF,13865.0,13835.0,141090.0,976220.87,215414.0
20191120,AL2001.SHF,13780.0,13755.0,65378.0,449665.37,230380.0
20191119,AL2001.SHF,13740.0,13750.0,91296.0,627811.205,233872.0
20191118,AL2001.SHF,13795.0,13700.0,114350.0,783500.18,233962.0
20191115,AL2001.SHF,13670.0,13685.0,87362.0,597934.415,227610.0
20191114,AL2001.SHF,13695.0,13725.0,75562.0,518596.405,224654.0
20191113,AL2001.SHF,13745.0,13735.0,77246.0,530646.155,210658.0
20191112,AL1912.SHF,13815.0,13870.0,124304.0,862184.525,186512.0
20191111,AL1912.SHF,13895.0,13965.0,99146.0,692301.005,198082.0
20191108,AL1912.SHF,14030.0,14035.0,130374.0,915173.04,206184.0
20191107,AL1912.SHF,13980.0,13940.0,116136.0,809518.24,207764.0
20191106,AL1912.SHF,13955.0,13955.0,90690.0,632899.555,211220.0
20191105,AL1912.SHF,13965.0,13955.0,90738.0,633238.21,218170.0
20191104,AL1912.SHF,13945.0,13910.0,102628.0,713868.405,223964.0
20191101,AL1912.SHF,13875.0,13840.0,131204.0,908105.79,227408.0
20191031,AL1912.SHF,13840.0,13825.0,75738.0,523645.985,228138.0
20191030,AL1912.SHF,13845.0,13830.0,106942.0,739713.255,229892.0
20191029,AL1912.SHF,13785.0,13775.0,116094.0,799624.395,240290.0
20191028,AL1912.SHF,13825.0,13825.0,88684.0,613218.195,234834.0
20191025,AL1912.SHF,13805.0,13815.0,94144.0,650344.46,234574.0
20191024,AL1912.SHF,13825.0,13815.0,101784.0,703181.775,237312.0
20191023,AL1912.SHF,13790.0,13785.0,59788.0,412101.305,238170.0
20191022,AL1912.SHF,13795.0,13780.0,97068.0,669003.01,241948.0
20191021,AL1912.SHF,13760.0,13825.0,129644.0,896181.545,240832.0
20191018,AL1912.SHF,13850.0,13860.0,87974.0,609875.14,232410.0
20191017,AL1912.SHF,13835.0,13835.0,78636.0,544080.49,235476.0
20191016,AL1912.SHF,13835.0,13800.0,96260.0,664233.51,237442.0
20191015,AL1912.SHF,13765.0,13750.0,93580.0,643569.825,223790.0
20191014,AL1912.SHF,13735.0,13735.0,100412.0,689762.24,220634.0
20191011,AL1912.SHF,13790.0,13820.0,104720.0,723855.375,217342.0
20191010,AL1912.SHF,13900.0,13880.0,64164.0,445370.255,212918.0
20191009,AL1912.SHF,13905.0,13950.0,64890.0,452651.4,200960.0
20191008,AL1912.SHF,13950.0,13950.0,35796.0,249747.14,196462.0
20190930,AL1911.SHF,14015.0,13955.0,118488.0,826886.56,189664.0
20190927,AL1911.SHF,13975.0,13970.0,138038.0,964417.52,200048.0
20190926,AL1911.SHF,14040.0,14075.0,108722.0,765362.095,215950.0
20190925,AL1911.SHF,14110.0,14145.0,133598.0,945109.495,222310.0
20190924,AL1911.SHF,14155.0,14210.0,133004.0,945050.475,227582.0
20190923,AL1911.SHF,14215.0,14210.0,77574.0,551349.685,229180.0
20190920,AL1911.SHF,14225.0,14195.0,120170.0,852971.635,234598.0
20190919,AL1911.SHF,14135.0,14160.0,157250.0,1113527.31,242748.0
20190918,AL1911.SHF,14215.0,14250.0,110644.0,788437.655,258084.0
20190917,AL1911.SHF,14240.0,14250.0,164770.0,1174281.775,261294.0
20190916,AL1911.SHF,14280.0,14350.0,141388.0,1014684.545,275102.0
20190912,AL1911.SHF,14425.0,14430.0,123576.0,891611.43,283132.0
20190911,AL1911.SHF,14415.0,14390.0,138548.0,997100.58,278294.0
20190910,AL1911.SHF,14355.0,14380.0,157384.0,1131740.745,269766.0
20190909,AL1910.SHF,14420.0,14415.0,283308.0,2042604.65,243836.0
20190906,AL1910.SHF,14395.0,14390.0,129788.0,934127.635,260962.0
20190905,AL1910.SHF,14330.0,14350.0,110728.0,794661.75,264036.0
20190904,AL1910.SHF,14355.0,14350.0,108652.0,779715.22,281300.0
20190903,AL1910.SHF,14310.0,14325.0,95278.0,682540.575,284378.0
20190902,AL1910.SHF,14355.0,14290.0,126170.0,901648.105,299268.0
20190830,AL1910.SHF,14260.0,14250.0,122184.0,870843.83,298120.0
20190829,AL1910.SHF,14225.0,14260.0,137112.0,977645.245,307904.0
20190828,AL1910.SHF,14290.0,14290.0,132790.0,949033.105,326328.0
20190827,AL1910.SHF,14250.0,14245.0,117642.0,838151.665,319102.0
20190826,AL1910.SHF,14215.0,14240.0,136614.0,972728.295,318998.0
20190823,AL1910.SHF,14285.0,14285.0,173352.0,1238532.28,332568.0
20190822,AL1910.SHF,14340.0,14335.0,88296.0,632923.95,358648.0
20190821,AL1910.SHF,14335.0,14330.0,160198.0,1147892.63,363320.0
20190820,AL1910.SHF,14335.0,14380.0,206794.0,1487163.64,351698.0
20190819,AL1910.SHF,14395.0,14280.0,240924.0,1720437.87,351108.0
20190816,AL1910.SHF,14170.0,14215.0,162444.0,1154630.79,321200.0
20190815,AL1910.SHF,14200.0,14220.0,235334.0,1673330.585,327724.0
20190814,AL1910.SHF,14175.0,14160.0,183806.0,1301630.84,303970.0
20190813,AL1910.SHF,14200.0,14185.0,310168.0,2200240.89,308132.0
20190812,AL1910.SHF,14185.0,14025.0,308006.0,2160610.905,288418.0
20190809,AL1910.SHF,13915.0,13910.0,112158.0,780237.565,232866.0
20190808,AL1910.SHF,13885.0,13835.0,88994.0,615621.245,219030.0
20190807,AL1909.SHF,13805.0,13855.0,83906.0,581331.61,208192.0
20190806,AL1909.SHF,13865.0,13880.0,90322.0,627014.53,216410.0
20190805,AL1909.SHF,13880.0,13825.0,123846.0,856256.525,213802.0
20190802,AL1909.SHF,13795.0,13805.0,131032.0,904664.1,214322.0
20190801,AL1909.SHF,13855.0,13860.0,107976.0,748426.095,224266.0
20190731,AL1909.SHF,13895.0,13910.0,82198.0,571761.26,238002.0
20190730,AL1909.SHF,13930.0,13910.0,114052.0,793344.25,239080.0
20190729,AL1909.SHF,13880.0,13870.0,96046.0,666223.305,235194.0
20190726,AL1909.SHF,13875.0,13905.0,121070.0,842002.745,244996.0
20190725,AL1909.SHF,13890.0,13845.0,124626.0,863002.135,244892.0
20190724,AL1909.SHF,13790.0,13775.0,110282.0,759619.595,237436.0
20190723,AL1909.SHF,13750.0,13800.0,145014.0,1000878.62,244444.0
20190722,AL1909.SHF,13860.0,13910.0,155000.0,1078097.665,243988.0
20190719,AL1909.SHF,13935.0,13925.0,156292.0,1088402.285,246114.0
20190718,AL1909.SHF,13870.0,13860.0,109936.0,761952.19,232182.0
20190717,AL1909.SHF,13885.0,13885.0,87974.0,610821.79,224140.0
20190716,AL1909.SHF,13895.0,13885.0,80182.0,556679.33,207170.0
20190715,AL1908.SHF,13865.0,13825.0,104388.0,721595.71,198908.0
20190712,AL1908.SHF,13770.0,13750.0,100864.0,693634.465,201484.0
20190711,AL1908.SHF,13805.0,13860.0,151270.0,1048426.52,205632.0
20190710,AL1908.SHF,13815.0,13760.0,132318.0,910575.865,217430.0
20190709,AL1908.SHF,13745.0,13755.0,81922.0,563418.635,208886.0
20190708,AL1908.SHF,13770.0,13770.0,81378.0,560335.335,205698.0
20190705,AL1908.SHF,13790.0,13805.0,107560.0,742583.785,214708.0
20190704,AL1908.SHF,13775.0,13740.0,116358.0,799417.325,230384.0
20190703,AL1908.SHF,13650.0,13650.0,99338.0,678057.02,236534.0
20190702,AL1908.SHF,13710.0,13680.0,139326.0,953000.315,238816.0
20190701,AL1908.SHF,13750.0,13780.0,139536.0,961639.365,242686.0
20190628,AL1908.SHF,13830.0,13830.0,150250.0,1038990.54,244078.0
20190627,AL1908.SHF,13900.0,13900.0,121448.0,844307.66,247290.0
20190626,AL1908.SHF,13910.0,13895.0,99984.0,694769.84,259564.0
20190625,AL1908.SHF,13910.0,13875.0,132614.0,920054.9,267474.0
20190624,AL1908.SHF,13830.0,13800.0,122680.0,846519.395,266324.0
20190621,AL1908.SHF,13765.0,13835.0,151654.0,1049315.785,268772.0
20190620,AL1908.SHF,13910.0,13885.0,114766.0,796847.245,259296.0
20190619,AL1908.SHF,13865.0,13855.0,147266.0,1020377.055,257318.0
20190618,AL1908.SHF,13810.0,13795.0,102004.0,703724.03,254508.0
20190617,AL1908.SHF,13810.0,13825.0,131274.0,907756.975,247318.0
20190614,AL1908.SHF,13910.0,13920.0,71840.0,500069.88,240720.0
20190613,AL1908.SHF,13955.0,13955.0,60366.0,421220.7,236838.0
20190612,AL1908.SHF,13930.0,13975.0,72690.0,507922.74,230382.0
20190611,AL1907.SHF,14035.0,14005.0,98232.0,688081.155,215906.0
20190610,AL1907.SHF,13940.0,13955.0,98272.0,685859.035,218136.0
20190606,AL1907.SHF,13950.0,14010.0,131948.0,924569.935,218658.0
20190605,AL1907.SHF,14085.0,14065.0,77048.0,541897.84,222174.0
20190604,AL1907.SHF,14030.0,14075.0,145526.0,1024379.77,230008.0
20190603,AL1907.SHF,14125.0,14145.0,120606.0,853223.93,236008.0
20190531,AL1907.SHF,14155.0,14150.0,89610.0,634043.165,239812.0
20190530,AL1907.SHF,14140.0,14155.0,115800.0,819817.535,243982.0
20190529,AL1907.SHF,14170.0,14220.0,118226.0,840842.315,240974.0
20190528,AL1907.SHF,14240.0,14265.0,92516.0,659996.38,241904.0
20190527,AL1907.SHF,14310.0,14285.0,142438.0,1017577.445,241480.0
20190524,AL1907.SHF,14240.0,14180.0,128398.0,910462.385,239440.0
20190523,AL1907.SHF,14110.0,14110.0,124532.0,878694.175,232374.0
20190522,AL1907.SHF,14125.0,14175.0,153088.0,1085334.285,237198.0
20190521,AL1907.SHF,14250.0,14260.0,155830.0,1111382.93,250332.0
20190520,AL1907.SHF,14285.0,14295.0,113582.0,811903.78,260618.0
20190517,AL1907.SHF,14310.0,14355.0,146652.0,1052619.14,258004.0
20190516,AL1907.SHF,14355.0,14350.0,166032.0,1191439.315,251510.0
20190515,AL1906.SHF,14335.0,14320.0,158048.0,1131892.065,191654.0
20190514,AL1906.SHF,14190.0,14205.0,110730.0,786633.8,203892.0
20190513,AL1906.SHF,14225.0,14195.0,122464.0,869447.525,218556.0
20190510,AL1906.SHF,14170.0,14105.0,160744.0,1133810.685,223754.0
20190509,AL1906.SHF,14005.0,14000.0,118106.0,826962.73,224222.0
20190508,AL1906.SHF,14045.0,14020.0,98822.0,692804.36,230800.0
20190507,AL1906.SHF,14010.0,13990.0,126556.0,885555.15,235478.0
20190506,AL1906.SHF,13925.0,14015.0,167978.0,1177312.255,247734.0
20190430,AL1906.SHF,14175.0,14180.0,131190.0,930273.37,288332.0
20190429,AL1906.SHF,14225.0,14170.0,136704.0,968550.275,312056.0
20190426,AL1906.SHF,14185.0,14195.0,140962.0,1000665.8,311148.0
20190425,AL1906.SHF,14240.0,14225.0,198080.0,1408970.11,337494.0
20190424,AL1906.SHF,14140.0,14155.0,160180.0,1133709.76,316076.0
20190423,AL1906.SHF,14185.0,14195.0,162558.0,1153980.845,320426.0
20190422,AL1906.SHF,14190.0,14135.0,181872.0,1285818.705,314816.0
20190419,AL1906.SHF,14080.0,14065.0,126288.0,888391.545,286760.0
20190418,AL1906.SHF,14055.0,14050.0,260550.0,1830488.085,272640.0
20190417,AL1906.SHF,13990.0,13960.0,163408.0,1140683.305,233276.0
20190416,AL1905.SHF,13870.0,13845.0,74304.0,514504.92,203632.0
20190415,AL1905.SHF,13835.0,13860.0,119096.0,825468.24,211418.0
20190412,AL1905.SHF,13840.0,13835.0,88710.0,613718.695,221702.0
20190411,AL1905.SHF,13830.0,13830.0,83050.0,574353.7,224526.0
20190410,AL1905.SHF,13850.0,13845.0,146948.0,1017255.575,232012.0
20190409,AL1905.SHF,13810.0,13785.0,103484.0,713458.63,233418.0
20190408,AL1905.SHF,13805.0,13820.0,69296.0,478892.435,240036.0
20190404,AL1905.SHF,13805.0,13795.0,95926.0,661713.195,240650.0
20190403,AL1905.SHF,13800.0,13775.0,98962.0,681740.04,243362.0
20190402,AL1905.SHF,13770.0,13780.0,152566.0,1051214.945,248860.0
20190401,AL1905.SHF,13870.0,13805.0,199564.0,1377687.055,261876.0
20190329,AL1905.SHF,13720.0,13695.0,132862.0,909937.335,258548.0
20190328,AL1905.SHF,13685.0,13685.0,176346.0,1206907.1,256522.0
20190327,AL1905.SHF,13650.0,13625.0,109566.0,746689.65,266720.0
20190326,AL1905.SHF,13630.0,13640.0,102086.0,696267.62,269840.0
20190325,AL1905.SHF,13645.0,13670.0,177442.0,1212986.36,274908.0
20190322,AL1905.SHF,13755.0,13745.0,123954.0,852140.645,281114.0
20190321,AL1905.SHF,13810.0,13795.0,138272.0,953871.825,292526.0
20190320,AL1905.SHF,13795.0,13760.0,200628.0,1380682.3,296544.0
20190319,AL1905.SHF,13730.0,13670.0,152898.0,1045254.305,284890.0
20190318,AL1905.SHF,13600.0,13595.0,114002.0,775181.04,285706.0
20190315,AL1905.SHF,13665.0,13645.0,269302.0,1837722.07,288308.0
20190314,AL1905.SHF,13650.0,13655.0,172170.0,1175570.96,305540.0
20190313,AL1905.SHF,13605.0,13585.0,162996.0,1107301.915,309794.0
20190312,AL1905.SHF,13535.0,13510.0,148058.0,1000147.45,317194.0
20190311,AL1905.SHF,13525.0,13500.0,146380.0,988245.9,313442.0
20190308,AL1905.SHF,13510.0,13500.0,134064.0,904932.29,303948.0
20190307,AL1905.SHF,13480.0,13485.0,186782.0,1259604.63,310020.0
20190306,AL1905.SHF,13505.0,13560.0,129242.0,876558.115,321816.0
20190305,AL1905.SHF,13570.0,13580.0,440026.0,2988527.725,322000.0
20190304,AL1905.SHF,13735.0,13710.0,174464.0,1196126.44,332896.0
20190301,AL1905.SHF,13685.0,13650.0,127046.0,867182.96,329678.0
20190228,AL1905.SHF,13680.0,13690.0,134488.0,920876.61,312740.0
20190227,AL1905.SHF,13690.0,13700.0,126400.0,866088.19,310718.0
20190226,AL1905.SHF,13690.0,13720.0,124900.0,856814.045,305506.0
20190225,AL1905.SHF,13755.0,13725.0,143276.0,983253.62,300268.0
20190222,AL1905.SHF,13675.0,13610.0,167732.0,1141747.96,296014.0
20190221,AL1905.SHF,13540.0,13510.0,94966.0,641659.38,264626.0
20190220,AL1905.SHF,13505.0,13490.0,94816.0,639551.13,256458.0
20190219,AL1905.SHF,13455.0,13450.0,56668.0,381214.005,236138.0
20190218,AL1903.SHF,13460.0,13450.0,130650.0,878787.085,219450.0
20190215,AL1903.SHF,13385.0,13370.0,110810.0,740882.805,224276.0
20190214,AL1903.SHF,13390.0,13385.0,111370.0,745557.02,232766.0
20190213,AL1903.SHF,13350.0,13355.0,96788.0,646408.31,237192.0
20190212,AL1903.SHF,13365.0,13360.0,124682.0,833017.955,244518.0
20190211,AL1903.SHF,13315.0,13385.0,106270.0,711339.885,237772.0
20190201,AL1903.SHF,13545.0,13465.0,151870.0,1022749.03,222172.0
20190131,AL1903.SHF,13510.0,13505.0,130174.0,879233.57,227312.0
20190130,AL1903.SHF,13460.0,13475.0,136934.0,922744.13,230150.0
20190129,AL1903.SHF,13410.0,13435.0,132966.0,893390.075,226600.0
20190128,AL1903.SHF,13485.0,13540.0,143332.0,970431.905,228902.0
20190125,AL1903.SHF,13520.0,13525.0,113028.0,764417.655,223670.0
20190124,AL1903.SHF,13550.0,13560.0,174452.0,1183099.745,235502.0
20190123,AL1903.SHF,13520.0,13480.0,148358.0,1000242.9,234888.0
20190122,AL1903.SHF,13395.0,13440.0,140958.0,947331.375,235480.0
20190121,AL1903.SHF,13535.0,13530.0,183812.0,1243544.67,240916.0
20190118,AL1903.SHF,13475.0,13395.0,147894.0,990738.385,251106.0
20190117,AL1903.SHF,13395.0,13390.0,121506.0,813735.63,252626.0
20190116,AL1903.SHF,13400.0,13350.0,194128.0,1295907.51,259206.0
20190115,AL1903.SHF,13315.0,13275.0,177696.0,1179576.49,282212.0
20190114,AL1903.SHF,13285.0,13320.0,176018.0,1172451.315,282034.0
20190111,AL1903.SHF,13385.0,13380.0,148996.0,996843.52,272288.0
20190110,AL1903.SHF,13405.0,13420.0,126930.0,852016.46,267012.0
20190109,AL1903.SHF,13475.0,13410.0,150196.0,1007251.11,263134.0
20190108,AL1903.SHF,13390.0,13430.0,120866.0,811797.0,255468.0
20190107,AL1903.SHF,13460.0,13475.0,136700.0,921031.89,246088.0
20190104,AL1903.SHF,13435.0,13390.0,121772.0,815544.68,222090.0
20190103,AL1902.SHF,13295.0,13350.0,137382.0,917137.01,206560.0
20190102,AL1902.SHF,13395.0,13440.0,145936.0,981047.71,211744.0
20181228,AL1902.SHF,13590.0,13605.0,202934.0,1380849.31,209052.0
20181227,AL1902.SHF,13650.0,13710.0,220484.0,1511878.715,207544.0
20181226,AL1902.SHF,13790.0,13830.0,167202.0,1156424.63,222000.0
20181225,AL1902.SHF,13790.0,13760.0,170054.0,1170372.285,227682.0
20181224,AL1902.SHF,13745.0,13740.0,129004.0,886309.31,226310.0
20181221,AL1902.SHF,13750.0,13710.0,173672.0,1190812.695,226022.0
20181220,AL1902.SHF,13690.0,13660.0,187314.0,1279748.33,226690.0
20181219,AL1902.SHF,13665.0,13690.0,133534.0,914224.63,220872.0
20181218,AL1902.SHF,13740.0,13730.0,154902.0,1063632.185,231444.0
20181217,AL1902.SHF,13650.0,13645.0,92808.0,633301.205,235208.0
20181214,AL1902.SHF,13640.0,13640.0,93158.0,635514.495,232656.0
20181213,AL1902.SHF,13670.0,13650.0,127286.0,868743.935,230202.0
20181212,AL1902.SHF,13615.0,13660.0,101128.0,690757.865,225742.0
20181211,AL1902.SHF,13680.0,13685.0,87064.0,595879.655,218322.0
20181210,AL1902.SHF,13665.0,13685.0,83288.0,569954.405,216970.0
20181207,AL1902.SHF,13670.0,13610.0,98260.0,668685.955,205894.0
20181206,AL1901.SHF,13590.0,13665.0,113472.0,775341.905,195640.0
20181205,AL1901.SHF,13715.0,13755.0,108084.0,743578.525,196822.0
20181204,AL1901.SHF,13800.0,13785.0,107036.0,737905.305,193292.0
20181203,AL1901.SHF,13810.0,13780.0,299186.0,2061867.125,196298.0
20181130,AL1901.SHF,13555.0,13600.0,234360.0,1593817.37,238006.0
20181129,AL1901.SHF,13650.0,13665.0,135954.0,929203.655,229622.0
20181128,AL1901.SHF,13675.0,13685.0,210586.0,1441335.56,233662.0
20181127,AL1901.SHF,13760.0,13765.0,168558.0,1160111.42,225800.0
20181126,AL1901.SHF,13805.0,13790.0,169858.0,1171456.855,235478.0
20181123,AL1901.SHF,13775.0,13835.0,159822.0,1105612.71,242646.0
20181122,AL1901.SHF,13805.0,13780.0,129344.0,891200.22,257110.0
20181121,AL1901.SHF,13745.0,13705.0,167414.0,1147450.995,263790.0
20181120,AL1901.SHF,13710.0,13770.0,151386.0,1042386.49,273336.0
20181119,AL1901.SHF,13825.0,13790.0,138174.0,952751.065,263536.0
20181116,AL1901.SHF,13760.0,13740.0,149054.0,1024216.005,270780.0
20181115,AL1901.SHF,13785.0,13750.0,135256.0,930054.56,267752.0
20181114,AL1901.SHF,13720.0,13775.0,130198.0,897006.895,268750.0
20181113,AL1901.SHF,13825.0,13770.0,221438.0,1524954.3,267036.0
20181112,AL1901.SHF,13860.0,13870.0,155154.0,1076370.98,253162.0
20181109,AL1901.SHF,13900.0,13915.0,135332.0,941781.6,243268.0
20181108,AL1901.SHF,13945.0,13955.0,147154.0,1026798.15,245644.0
20181107,AL1901.SHF,13915.0,13880.0,122220.0,848432.175,241158.0
20181106,AL1901.SHF,13915.0,13885.0,106524.0,739594.915,244740.0
20181105,AL1901.SHF,13895.0,13915.0,93636.0,651513.425,241624.0
20181102,AL1901.SHF,13970.0,13915.0,171044.0,1190300.85,227090.0
20181101,AL1812.SHF,13870.0,13915.0,157596.0,1096839.375,219438.0
20181031,AL1812.SHF,13960.0,14025.0,209320.0,1468209.92,222356.0
20181030,AL1812.SHF,14085.0,14120.0,174670.0,1233539.46,225142.0
20181029,AL1812.SHF,14190.0,14185.0,186288.0,1321365.47,233302.0
20181026,AL1812.SHF,14170.0,14195.0,165996.0,1178565.51,235046.0
20181025,AL1812.SHF,14255.0,14220.0,175828.0,1250228.52,236984.0
20181024,AL1812.SHF,14250.0,14230.0,161570.0,1149902.64,229738.0
20181023,AL1812.SHF,14200.0,14170.0,110324.0,781764.075,238178.0
20181022,AL1812.SHF,14175.0,14125.0,194264.0,1372407.525,241446.0
20181019,AL1812.SHF,14145.0,14135.0,157644.0,1114415.705,234440.0
20181018,AL1812.SHF,14140.0,14155.0,247326.0,1750559.495,229280.0
20181017,AL1812.SHF,14300.0,14300.0,144728.0,1035042.68,221196.0
20181016,AL1812.SHF,14245.0,14220.0,162412.0,1154931.195,222272.0
20181015,AL1812.SHF,14180.0,14240.0,128506.0,915145.87,228016.0
20181012,AL1812.SHF,14325.0,14255.0,137884.0,983009.73,225942.0
20181011,AL1812.SHF,14220.0,14290.0,163780.0,1170399.0,230662.0
20181010,AL1811.SHF,14400.0,14490.0,177222.0,1283987.56,204892.0
20181009,AL1811.SHF,14560.0,14515.0,177938.0,1291418.685,206012.0
20181008,AL1811.SHF,14450.0,14375.0,128934.0,926873.72,216204.0
20180928,AL1811.SHF,14310.0,14330.0,175082.0,1254801.105,214542.0
20180927,AL1811.SHF,14360.0,14490.0,205008.0,1485770.29,229446.0
20180926,AL1811.SHF,14540.0,14600.0,183492.0,1339935.215,226350.0
20180925,AL1811.SHF,14610.0,14620.0,131910.0,964350.235,232748.0
20180921,AL1811.SHF,14700.0,14670.0,287190.0,2107218.07,249264.0
20180920,AL1811.SHF,14575.0,14540.0,178896.0,1300920.93,263070.0
20180919,AL1811.SHF,14535.0,14500.0,202514.0,1468648.165,274774.0
20180918,AL1811.SHF,14485.0,14465.0,161966.0,1171439.905,283890.0
20180917,AL1811.SHF,14445.0,14530.0,234572.0,1704705.98,291528.0
20180914,AL1811.SHF,14585.0,14585.0,231056.0,1685368.325,286706.0
20180913,AL1811.SHF,14505.0,14530.0,254072.0,1846324.97,290626.0
20180912,AL1811.SHF,14555.0,14600.0,244432.0,1784923.075,294848.0
20180911,AL1811.SHF,14720.0,14770.0,269572.0,1991022.905,287796.0
20180910,AL1811.SHF,14645.0,14710.0,215036.0,1582059.995,277284.0
20180907,AL1811.SHF,14655.0,14665.0,226266.0,1659416.705,273210.0
20180906,AL1811.SHF,14685.0,14710.0,180360.0,1326633.405,274446.0
20180905,AL1811.SHF,14670.0,14710.0,234586.0,1725691.9,266710.0
20180904,AL1811.SHF,14830.0,14850.0,139294.0,1034544.285,260498.0
20180903,AL1810.SHF,14845.0,14855.0,183428.0,1362476.025,225222.0
20180831,AL1810.SHF,14890.0,14885.0,220958.0,1644923.56,244496.0
20180830,AL1810.SHF,14950.0,14970.0,215034.0,1609559.965,254168.0
20180829,AL1810.SHF,14875.0,14965.0,313334.0,2345057.565,257810.0
20180828,AL1810.SHF,14970.0,14785.0,193638.0,1431657.055,271548.0
20180827,AL1810.SHF,14735.0,14795.0,203854.0,1508045.53,264810.0
20180824,AL1810.SHF,14790.0,14735.0,227984.0,1679855.21,273830.0
20180823,AL1810.SHF,14630.0,14670.0,161156.0,1182091.125,264824.0
20180822,AL1810.SHF,14655.0,14680.0,183248.0,1345096.795,278110.0
20180821,AL1810.SHF,14705.0,14640.0,317718.0,2325774.585,283694.0
20180820,AL1810.SHF,14455.0,14415.0,165202.0,1191097.285,262892.0
20180817,AL1810.SHF,14405.0,14465.0,199132.0,1440448.54,261844.0
20180816,AL1810.SHF,14440.0,14390.0,336616.0,2422548.285,267170.0
20180815,AL1810.SHF,14540.0,14605.0,219384.0,1602378.04,278934.0
20180814,AL1810.SHF,14700.0,14690.0,183776.0,1349907.28,284204.0
20180813,AL1810.SHF,14690.0,14690.0,232788.0,1710049.21,281894.0
20180810,AL1810.SHF,14620.0,14675.0,294956.0,2164456.22,281184.0
20180809,AL1810.SHF,14825.0,14755.0,437570.0,3228952.905,298526.0
20180808,AL1810.SHF,14495.0,14480.0,109674.0,794251.155,234864.0
20180807,AL1809.SHF,14430.0,14425.0,122586.0,884431.62,216808.0
20180806,AL1809.SHF,14395.0,14410.0,140146.0,1009925.7,226436.0
20180803,AL1809.SHF,14390.0,14390.0,145318.0,1045614.435,230608.0
20180802,AL1809.SHF,14320.0,14340.0,175562.0,1259127.32,242150.0
20180801,AL1809.SHF,14430.0,14510.0,200142.0,1452344.435,256956.0
20180731,AL1809.SHF,14540.0,14500.0,189154.0,1371783.55,266008.0
20180730,AL1809.SHF,14415.0,14415.0,164014.0,1182391.975,263816.0
20180727,AL1809.SHF,14400.0,14370.0,194148.0,1395319.4,269746.0
20180726,AL1809.SHF,14330.0,14325.0,179094.0,1282814.775,266914.0
20180725,AL1809.SHF,14385.0,14400.0,201420.0,1450537.665,271068.0
20180724,AL1809.SHF,14335.0,14310.0,225782.0,1615555.16,270046.0
20180723,AL1809.SHF,14245.0,14175.0,276932.0,1962823.165,269334.0
20180720,AL1809.SHF,14055.0,14050.0,120556.0,847014.445,266446.0
20180719,AL1809.SHF,14065.0,14085.0,191056.0,1345717.565,267864.0
20180718,AL1809.SHF,14025.0,14040.0,114594.0,804563.245,272826.0
20180717,AL1809.SHF,14075.0,14045.0,140044.0,983564.595,272870.0
20180716,AL1809.SHF,14000.0,14025.0,180600.0,1266604.235,280396.0
20180713,AL1809.SHF,14040.0,14090.0,146898.0,1034951.895,276506.0
20180712,AL1809.SHF,14125.0,14100.0,206404.0,1455575.47,273716.0
20180711,AL1809.SHF,14010.0,13995.0,279018.0,1952820.855,283388.0
20180710,AL1809.SHF,14185.0,14180.0,146382.0,1037880.37,271854.0
20180709,AL1809.SHF,14165.0,14145.0,153802.0,1088069.805,263412.0
20180706,AL1809.SHF,14080.0,14070.0,158338.0,1113974.9,254636.0
20180705,AL1809.SHF,13990.0,14020.0,159156.0,1115773.87,254206.0
20180704,AL1809.SHF,14030.0,14095.0,117924.0,831327.305,249654.0
20180703,AL1809.SHF,14095.0,14055.0,115880.0,814613.94,247586.0
20180702,AL1808.SHF,13975.0,14055.0,185636.0,1304814.245,228246.0
20180629,AL1808.SHF,14165.0,14140.0,140708.0,994871.38,229646.0
20180628,AL1808.SHF,14175.0,14210.0,185460.0,1318065.425,231364.0
20180627,AL1808.SHF,14175.0,14140.0,166874.0,1180044.57,236132.0
20180626,AL1808.SHF,14035.0,14070.0,188958.0,1329563.115,245416.0
20180625,AL1808.SHF,14140.0,14185.0,144252.0,1023235.005,246154.0
20180622,AL1808.SHF,14210.0,14205.0,146424.0,1040181.185,250040.0
20180621,AL1808.SHF,14185.0,14180.0,135210.0,958866.585,255616.0
20180620,AL1808.SHF,14200.0,14180.0,188068.0,1333742.53,256702.0
20180619,AL1808.SHF,14105.0,14285.0,248316.0,1773856.55,263724.0
20180615,AL1808.SHF,14410.0,14515.0,245212.0,1780203.935,275774.0
20180614,AL1808.SHF,14620.0,14675.0,163940.0,1203303.505,258202.0
20180613,AL1808.SHF,14670.0,14735.0,233098.0,1717642.585,258574.0
20180612,AL1808.SHF,14890.0,14900.0,133392.0,994024.875,261058.0
20180611,AL1808.SHF,14915.0,14915.0,149226.0,1112875.51,255018.0
20180608,AL1808.SHF,14910.0,14950.0,184676.0,1380881.475,245126.0
20180607,AL1808.SHF,15085.0,14990.0,189504.0,1420380.15,253162.0
20180606,AL1807.SHF,14885.0,14735.0,176670.0,1301857.33,216002.0
20180605,AL1807.SHF,14645.0,14655.0,130618.0,957412.64,225610.0
20180604,AL1807.SHF,14640.0,14645.0,103954.0,761291.0,225624.0
20180601,AL1807.SHF,14650.0,14620.0,150572.0,1100783.915,233572.0
20180531,AL1807.SHF,14590.0,14660.0,189918.0,1392466.49,243288.0
20180530,AL1807.SHF,14690.0,14705.0,158358.0,1164701.765,246450.0
20180529,AL1807.SHF,14725.0,14760.0,147390.0,1087767.075,252734.0
20180528,AL1807.SHF,14800.0,14790.0,127814.0,945402.42,259860.0
20180525,AL1807.SHF,14825.0,14790.0,176656.0,1306425.885,267544.0
20180524,AL1807.SHF,14745.0,14675.0,212840.0,1561771.73,268454.0
20180523,AL1807.SHF,14600.0,14630.0,149062.0,1090428.06,266690.0
20180522,AL1807.SHF,14610.0,14710.0,157014.0,1155110.215,278388.0
20180521,AL1807.SHF,14765.0,14790.0,172292.0,1274219.585,285528.0
20180518,AL1807.SHF,14840.0,14825.0,189112.0,1401800.21,292592.0
20180517,AL1807.SHF,14885.0,14865.0,204742.0,1521839.795,301438.0
20180516,AL1807.SHF,14790.0,14740.0,205460.0,1514751.235,296138.0
20180515,AL1807.SHF,14720.0,14705.0,167362.0,1230668.39,287504.0
20180514,AL1807.SHF,14635.0,14660.0,160222.0,1174493.785,288660.0
20180511,AL1807.SHF,14670.0,14690.0,198994.0,1461787.96,289362.0
20180510,AL1807.SHF,14625.0,14630.0,179012.0,1309477.735,291218.0
20180509,AL1807.SHF,14630.0,14650.0,212498.0,1557061.235,290542.0
20180508,AL1807.SHF,14755.0,14745.0,95766.0,706128.675,295666.0
20180507,AL1807.SHF,14735.0,14705.0,154674.0,1137602.96,288948.0
20180504,AL1807.SHF,14650.0,14640.0,169428.0,1240573.6,271562.0
20180503,AL1807.SHF,14645.0,14610.0,123724.0,903825.645,265514.0
20180502,AL1807.SHF,14505.0,14515.0,59488.0,431813.42,253088.0
20180427,AL1806.SHF,14480.0,14475.0,298518.0,2160525.415,227288.0
20180426,AL1806.SHF,14365.0,14410.0,224846.0,1620136.15,238258.0
20180425,AL1806.SHF,14405.0,14435.0,255676.0,1845748.175,241264.0
20180424,AL1806.SHF,14385.0,14420.0,567878.0,4094831.825,255998.0
20180423,AL1806.SHF,15035.0,14935.0,324100.0,2420953.205,301518.0
20180420,AL1806.SHF,14955.0,15030.0,547780.0,4117844.755,312812.0
20180419,AL1806.SHF,15380.0,15285.0,550294.0,4205815.785,344210.0
20180418,AL1806.SHF,14930.0,14880.0,293138.0,2181142.62,338666.0
20180417,AL1806.SHF,14920.0,14860.0,473996.0,3522142.025,346770.0
20180416,AL1806.SHF,14625.0,14570.0,341368.0,2487329.525,330740.0
20180413,AL1806.SHF,14580.0,14495.0,537110.0,3893649.945,337846.0
20180412,AL1806.SHF,14325.0,14315.0,305376.0,2186034.34,319446.0
20180411,AL1806.SHF,14375.0,14385.0,311348.0,2239561.975,306450.0
20180410,AL1806.SHF,14350.0,14340.0,238282.0,1709025.73,293540.0
20180409,AL1806.SHF,14270.0,14205.0,183096.0,1300584.945,274084.0
20180404,AL1805.SHF,14010.0,14005.0,213588.0,1495951.17,260994.0
20180403,AL1805.SHF,14080.0,14050.0,221062.0,1553106.285,275974.0
20180402,AL1805.SHF,13990.0,13860.0,311646.0,2160102.785,292588.0
20180330,AL1805.SHF,13770.0,13730.0,289794.0,1990123.265,315660.0
20180329,AL1805.SHF,13820.0,13795.0,388314.0,2679187.07,322712.0
20180328,AL1805.SHF,13740.0,13790.0,173258.0,1195018.18,305304.0
20180327,AL1805.SHF,13825.0,13800.0,239416.0,1652493.085,305916.0
20180326,AL1805.SHF,13715.0,13725.0,209934.0,1440868.685,321348.0
20180323,AL1805.SHF,13765.0,13790.0,386966.0,2668672.86,329000.0
20180322,AL1805.SHF,13970.0,13930.0,225712.0,1572401.18,339604.0
20180321,AL1805.SHF,13935.0,13920.0,244258.0,1700365.36,352532.0
20180320,AL1805.SHF,13990.0,13995.0,207628.0,1453158.455,347634.0
20180319,AL1805.SHF,13960.0,14000.0,223990.0,1568164.31,349560.0
20180316,AL1805.SHF,13995.0,13960.0,202046.0,1410551.005,351672.0
20180315,AL1805.SHF,13995.0,13975.0,231630.0,1618678.3,361556.0
20180314,AL1805.SHF,13960.0,13925.0,259884.0,1809904.305,377468.0
20180313,AL1805.SHF,13860.0,13940.0,406170.0,2831090.09,405582.0
20180312,AL1805.SHF,14065.0,14125.0,319510.0,2256877.06,373102.0
20180309,AL1805.SHF,14075.0,14205.0,300048.0,2131162.01,352570.0
20180308,AL1805.SHF,14230.0,14220.0,272192.0,1935601.01,350552.0
20180307,AL1805.SHF,14260.0,14350.0,273082.0,1959920.195,344758.0
20180306,AL1805.SHF,14440.0,14385.0,289496.0,2082352.69,330344.0
20180305,AL1805.SHF,14295.0,14350.0,198008.0,1421180.69,322718.0
20180302,AL1805.SHF,14425.0,14470.0,203456.0,1472303.25,313556.0
20180301,AL1805.SHF,14460.0,14440.0,147718.0,1066652.09,302728.0
20180228,AL1804.SHF,14325.0,14275.0,267174.0,1907334.27,270558.0
20180227,AL1804.SHF,14285.0,14245.0,268224.0,1910701.83,280028.0
20180226,AL1804.SHF,14295.0,14290.0,311842.0,2228860.61,277328.0
20180223,AL1804.SHF,14365.0,14280.0,253138.0,1807865.54,292158.0
20180222,AL1804.SHF,14125.0,14150.0,131508.0,930448.1,298964.0
20180214,AL1804.SHF,14105.0,14270.0,227750.0,1625452.53,286808.0
20180213,AL1804.SHF,14380.0,14385.0,155522.0,1118866.895,291270.0
20180212,AL1804.SHF,14405.0,14285.0,272912.0,1949915.625,299842.0
20180209,AL1804.SHF,14270.0,14290.0,117460.0,839477.2,298118.0
20180208,AL1804.SHF,14290.0,14335.0,213760.0,1532657.875,292620.0
20180207,AL1804.SHF,14290.0,14255.0,166420.0,1186403.495,286186.0
20180206,AL1804.SHF,14225.0,14345.0,155800.0,1117514.89,280866.0
20180205,AL1803.SHF,14320.0,14355.0,200166.0,1437184.015,253212.0
20180202,AL1803.SHF,14390.0,14395.0,182842.0,1316446.74,260134.0
20180201,AL1803.SHF,14335.0,14370.0,225536.0,1620680.32,267360.0
20180131,AL1803.SHF,14440.0,14490.0,272330.0,1973649.805,270498.0
20180130,AL1803.SHF,14470.0,14555.0,295754.0,2152825.445,299862.0
20180129,AL1803.SHF,14670.0,14690.0,218110.0,1602044.935,303330.0
20180126,AL1803.SHF,14625.0,14700.0,246972.0,1815412.995,316304.0
20180125,AL1803.SHF,14790.0,14735.0,280592.0,2067282.805,314356.0
20180124,AL1803.SHF,14640.0,14635.0,176038.0,1288395.27,322908.0
20180123,AL1803.SHF,14650.0,14665.0,217202.0,1592810.805,333070.0
20180122,AL1803.SHF,14660.0,14675.0,221918.0,1628843.37,334574.0
20180119,AL1803.SHF,14765.0,14730.0,268758.0,1979793.6,339218.0
20180118,AL1803.SHF,14620.0,14620.0,228818.0,1672892.44,341062.0
20180117,AL1803.SHF,14630.0,14635.0,252142.0,1845393.685,339448.0
20180116,AL1803.SHF,14745.0,14895.0,382636.0,2849993.985,345144.0
20180115,AL1803.SHF,15130.0,15190.0,240762.0,1829146.855,352818.0
20180112,AL1803.SHF,15090.0,15110.0,220870.0,1668909.54,346842.0
20180111,AL1803.SHF,15210.0,15165.0,236926.0,1796809.045,360746.0
20180110,AL1803.SHF,15060.0,15030.0,174670.0,1313031.895,340496.0
20180109,AL1803.SHF,15075.0,15045.0,154802.0,1164852.815,334426.0
20180108,AL1803.SHF,15040.0,15080.0,201984.0,1523046.46,326382.0
20180105,AL1803.SHF,15210.0,15165.0,132854.0,1007547.485,335404.0
20180104,AL1803.SHF,15140.0,15125.0,178014.0,1346344.365,328124.0
20180103,AL1803.SHF,15165.0,15180.0,128422.0,974982.9,322438.0
20180102,AL1803.SHF,15175.0,15260.0,162174.0,1237517.28,320394.0
20171229,AL1802.SHF,15225.0,15125.0,342742.0,2592776.655,308960.0
20171228,AL1802.SHF,15125.0,14925.0,397660.0,2968160.485,331990.0
20171227,AL1802.SHF,14745.0,14730.0,357560.0,2633772.555,335746.0
20171226,AL1802.SHF,14610.0,14585.0,268318.0,1957152.275,350670.0
20171225,AL1802.SHF,14715.0,14770.0,383298.0,2831523.46,351542.0
20171222,AL1802.SHF,14630.0,14650.0,282534.0,2070003.135,353526.0
20171221,AL1802.SHF,14665.0,14685.0,294916.0,2165422.16,355400.0
20171220,AL1802.SHF,14685.0,14615.0,345940.0,2528608.835,369418.0
20171219,AL1802.SHF,14480.0,14485.0,248350.0,1799035.675,364852.0
20171218,AL1802.SHF,14515.0,14505.0,339260.0,2461317.38,377414.0
20171215,AL1802.SHF,14450.0,14405.0,323022.0,2326709.615,377712.0
20171214,AL1802.SHF,14275.0,14270.0,220954.0,1576769.56,373404.0
20171213,AL1802.SHF,14250.0,14230.0,254932.0,1814192.265,374992.0
20171212,AL1802.SHF,14250.0,14300.0,275322.0,1968747.875,367276.0
20171211,AL1802.SHF,14240.0,14295.0,213830.0,1528391.15,357908.0
20171208,AL1802.SHF,14320.0,14265.0,242676.0,1730940.99,358090.0
20171207,AL1802.SHF,14205.0,14265.0,267120.0,1905640.41,352590.0
20171206,AL1802.SHF,14395.0,14470.0,303836.0,2198694.97,341350.0
20171205,AL1802.SHF,14620.0,14690.0,217386.0,1597033.83,323846.0
20171204,AL1802.SHF,14645.0,14730.0,323628.0,2383789.15,311542.0
20171201,AL1802.SHF,14705.0,14695.0,163266.0,1199934.81,302394.0
20171130,AL1801.SHF,14565.0,14530.0,434636.0,3158626.19,266654.0
20171129,AL1801.SHF,14615.0,14670.0,246776.0,1810352.33,310592.0
20171128,AL1801.SHF,14765.0,14870.0,249122.0,1852347.81,325132.0
20171127,AL1801.SHF,14930.0,15035.0,261926.0,1969382.865,329012.0
20171124,AL1801.SHF,15045.0,15025.0,208550.0,1567006.095,339806.0
20171123,AL1801.SHF,15005.0,15065.0,314264.0,2367678.6,342968.0
20171122,AL1801.SHF,14995.0,14915.0,291388.0,2173533.49,358030.0
20171121,AL1801.SHF,14910.0,15005.0,329146.0,2469722.105,375822.0
20171120,AL1801.SHF,15130.0,15285.0,415180.0,3173179.825,394446.0
20171117,AL1801.SHF,15400.0,15455.0,199234.0,1539807.76,403368.0
20171116,AL1801.SHF,15480.0,15525.0,248360.0,1928262.19,401224.0
20171115,AL1801.SHF,15475.0,15480.0,390944.0,3025969.2,402278.0
20171114,AL1801.SHF,15470.0,15530.0,241748.0,1877754.89,412846.0
20171113,AL1801.SHF,15560.0,15565.0,191246.0,1488384.145,417556.0
20171110,AL1801.SHF,15520.0,15530.0,284122.0,2206251.39,423772.0
20171109,AL1801.SHF,15475.0,15560.0,560384.0,4360923.34,432582.0
20171108,AL1801.SHF,15850.0,15900.0,337870.0,2686812.405,440134.0
20171107,AL1801.SHF,16035.0,16085.0,370610.0,2981236.065,431896.0
20171106,AL1801.SHF,16160.0,16175.0,337210.0,2727246.58,423690.0
20171103,AL1801.SHF,16240.0,16230.0,213104.0,1729508.755,425602.0
20171102,AL1801.SHF,16245.0,16250.0,319504.0,2596270.585,426952.0
20171101,AL1801.SHF,16235.0,16385.0,339560.0,2782394.075,426182.0
20171031,AL1801.SHF,16365.0,16370.0,203408.0,1665124.445,408206.0
20171030,AL1801.SHF,16380.0,16380.0,222468.0,1822194.335,391552.0
20171027,AL1712.SHF,16265.0,16370.0,293630.0,2403966.67,312454.0
20171026,AL1712.SHF,16490.0,16445.0,352640.0,2899662.21,345850.0
20171025,AL1712.SHF,16270.0,16320.0,300890.0,2455718.185,383892.0
20171024,AL1712.SHF,16260.0,16275.0,232518.0,1892637.915,408380.0
20171023,AL1712.SHF,16240.0,16250.0,307272.0,2497259.855,411570.0
20171020,AL1712.SHF,16325.0,16255.0,325658.0,2646983.56,435452.0
20171019,AL1712.SHF,16150.0,16080.0,411678.0,3310542.72,442524.0
20171018,AL1712.SHF,16080.0,16220.0,444652.0,3606134.65,458912.0
20171017,AL1712.SHF,16350.0,16425.0,410098.0,3368354.985,458984.0
20171016,AL1712.SHF,16470.0,16540.0,427222.0,3534084.205,448776.0
20171013,AL1712.SHF,16670.0,16570.0,413884.0,3429071.055,462360.0
20171012,AL1712.SHF,16450.0,16365.0,385382.0,3153651.62,448520.0
20171011,AL1712.SHF,16330.0,16410.0,420896.0,3453906.7,460506.0
20171010,AL1712.SHF,16460.0,16660.0,420482.0,3503580.345,449328.0
20171009,AL1712.SHF,16685.0,16615.0,228044.0,1894963.955,426470.0
20170929,AL1712.SHF,16445.0,16410.0,262306.0,2152354.57,404826.0
20170928,AL1712.SHF,16415.0,16480.0,272312.0,2244431.305,402770.0
20170927,AL1712.SHF,16600.0,16540.0,262022.0,2167318.19,383026.0
20170926,AL1711.SHF,16510.0,16515.0,458578.0,3786941.02,336078.0
20170925,AL1711.SHF,16420.0,16470.0,718406.0,5917598.56,371886.0
20170922,AL1711.SHF,16410.0,16605.0,1008974.0,8378096.375,392016.0
20170921,AL1711.SHF,16790.0,16960.0,791492.0,6712056.06,451692.0
20170920,AL1711.SHF,17055.0,16775.0,806514.0,6765946.265,481690.0
20170919,AL1711.SHF,16490.0,16500.0,517316.0,4268608.48,421014.0
20170918,AL1711.SHF,16370.0,16275.0,531816.0,4328790.795,409402.0
20170915,AL1711.SHF,16250.0,16415.0,515924.0,4234870.89,407888.0
20170914,AL1711.SHF,16590.0,16540.0,532280.0,4402376.245,425678.0
20170913,AL1711.SHF,16560.0,16655.0,468312.0,3900838.455,415856.0
20170912,AL1711.SHF,16610.0,16575.0,519582.0,4307165.95,413206.0
20170911,AL1711.SHF,16530.0,16100.0,614164.0,4944305.93,396534.0
20170908,AL1711.SHF,15870.0,16100.0,500004.0,4025335.805,392292.0
20170907,AL1711.SHF,16150.0,16325.0,459624.0,3752219.24,411738.0
20170906,AL1711.SHF,16385.0,16445.0,415376.0,3415765.36,436660.0
20170905,AL1711.SHF,16565.0,16590.0,345510.0,2866127.445,445378.0
20170904,AL1711.SHF,16585.0,16750.0,570088.0,4775130.42,442318.0
20170901,AL1711.SHF,16770.0,16705.0,341804.0,2855056.775,440952.0
20170831,AL1711.SHF,16560.0,16475.0,277648.0,2287760.535,416252.0
20170830,AL1711.SHF,16485.0,16405.0,261546.0,2145897.79,399692.0
20170829,AL1711.SHF,16340.0,16385.0,200306.0,1641499.25,376020.0
20170828,AL1711.SHF,16450.0,16480.0,283892.0,2339787.03,370964.0
20170825,AL1711.SHF,16705.0,16645.0,263398.0,2192505.255,364762.0
20170824,AL1710.SHF,16465.0,16555.0,707396.0,5856671.185,329272.0
20170823,AL1710.SHF,16210.0,16255.0,457530.0,3718873.99,338614.0
20170822,AL1710.SHF,16385.0,16385.0,418884.0,3432741.305,354912.0
20170821,AL1710.SHF,16430.0,16375.0,631432.0,5169874.405,368102.0
20170818,AL1710.SHF,16350.0,16285.0,543324.0,4424846.27,368612.0
20170817,AL1710.SHF,16520.0,16450.0,832690.0,6849399.96,387990.0
20170816,AL1710.SHF,16100.0,16045.0,581182.0,4662553.175,399856.0
20170815,AL1710.SHF,15810.0,15770.0,471046.0,3715105.0,399048.0
20170814,AL1710.SHF,15780.0,15970.0,773738.0,6179586.875,409544.0
20170811,AL1710.SHF,16090.0,16085.0,880432.0,7082204.98,446204.0
20170810,AL1710.SHF,16085.0,16180.0,946258.0,7656131.045,444046.0
20170809,AL1710.SHF,16215.0,16040.0,1115798.0,8951299.48,446478.0
20170808,AL1710.SHF,15435.0,15440.0,628248.0,4851182.2,382520.0
20170807,AL1710.SHF,15140.0,15040.0,511238.0,3844590.175,343358.0
20170804,AL1710.SHF,14765.0,14755.0,195978.0,1446050.155,281964.0
20170803,AL1710.SHF,14685.0,14800.0,248328.0,1837858.975,256496.0
20170802,AL1709.SHF,14765.0,14640.0,267824.0,1960550.535,230790.0
20170801,AL1709.SHF,14425.0,14460.0,146254.0,1057767.03,222484.0
20170731,AL1709.SHF,14545.0,14390.0,199496.0,1435748.45,238398.0
20170728,AL1709.SHF,14380.0,14415.0,202250.0,1458078.54,249946.0
20170727,AL1709.SHF,14435.0,14465.0,162626.0,1176442.11,268390.0
20170726,AL1709.SHF,14510.0,14560.0,251852.0,1833965.215,282886.0
20170725,AL1709.SHF,14570.0,14510.0,198124.0,1437526.065,303680.0
20170724,AL1709.SHF,14455.0,14435.0,154976.0,1118705.63,290504.0
20170721,AL1709.SHF,14445.0,14430.0,153132.0,1105169.775,299182.0
20170720,AL1709.SHF,14420.0,14475.0,194078.0,1404668.695,312238.0
20170719,AL1709.SHF,14480.0,14420.0,156520.0,1128838.93,313062.0
20170718,AL1709.SHF,14350.0,14395.0,175180.0,1261134.46,311274.0
20170717,AL1709.SHF,14500.0,14465.0,232712.0,1683321.51,334106.0
20170714,AL1709.SHF,14375.0,14425.0,256834.0,1852528.915,307672.0
20170713,AL1709.SHF,14320.0,14285.0,152768.0,1091427.125,299940.0
20170712,AL1709.SHF,14215.0,14225.0,165746.0,1179106.41,280912.0
20170711,AL1709.SHF,14185.0,14105.0,177644.0,1253137.43,259470.0
20170710,AL1709.SHF,14175.0,14200.0,131094.0,930947.695,251602.0
20170707,AL1709.SHF,14225.0,14205.0,130090.0,924200.275,244286.0
20170706,AL1709.SHF,14210.0,14230.0,93814.0,667552.58,227450.0
20170705,AL1708.SHF,14170.0,14150.0,152764.0,1080959.275,188084.0
20170704,AL1708.SHF,14040.0,14060.0,119962.0,843623.69,185448.0
20170703,AL1708.SHF,14130.0,14050.0,163580.0,1149441.3,193422.0
20170630,AL1708.SHF,13945.0,13915.0,154014.0,1071787.255,189936.0
20170629,AL1708.SHF,13985.0,13970.0,169806.0,1186418.925,196518.0
20170628,AL1708.SHF,13955.0,13930.0,147040.0,1024238.67,197882.0
20170627,AL1708.SHF,13930.0,13810.0,161318.0,1114115.0,192866.0
20170626,AL1708.SHF,13895.0,13875.0,84652.0,587475.865,200280.0
20170623,AL1708.SHF,13935.0,13835.0,104596.0,723592.75,201086.0
20170622,AL1708.SHF,13765.0,13870.0,172830.0,1198974.49,202744.0
20170621,AL1708.SHF,13905.0,13925.0,162624.0,1132654.475,210962.0
20170620,AL1708.SHF,13995.0,13890.0,281798.0,1957450.66,227922.0
20170619,AL1708.SHF,13815.0,13705.0,189314.0,1297618.27,222502.0
20170616,AL1708.SHF,13595.0,13575.0,138752.0,942101.29,246020.0
20170615,AL1708.SHF,13555.0,13585.0,292708.0,1988361.425,252988.0
20170614,AL1708.SHF,13680.0,13720.0,165218.0,1133417.09,241036.0
20170613,AL1708.SHF,13705.0,13740.0,142566.0,979627.99,239534.0
20170612,AL1708.SHF,13745.0,13765.0,205244.0,1413015.485,232400.0
20170609,AL1708.SHF,13645.0,13735.0,222832.0,1530527.885,245680.0
20170608,AL1708.SHF,13825.0,13795.0,115812.0,798978.24,204954.0
20170607,AL1707.SHF,13690.0,13695.0,121322.0,830994.785,180708.0
20170606,AL1707.SHF,13675.0,13700.0,157218.0,1076989.19,190834.0
20170605,AL1707.SHF,13745.0,13765.0,159644.0,1099141.5,200260.0
20170602,AL1707.SHF,13790.0,13820.0,111136.0,768219.7,198792.0
20170601,AL1707.SHF,13805.0,13785.0,174396.0,1202028.515,202546.0
20170531,AL1707.SHF,13715.0,13885.0,219094.0,1521313.725,221712.0
20170526,AL1707.SHF,14085.0,14080.0,152124.0,1071331.745,212262.0
20170525,AL1707.SHF,14090.0,14020.0,275396.0,1930788.43,219800.0
20170524,AL1707.SHF,13985.0,13985.0,164190.0,1148331.21,242952.0
20170523,AL1707.SHF,13910.0,13955.0,186490.0,1301365.545,256148.0
20170522,AL1707.SHF,13990.0,14060.0,243462.0,1711827.545,254118.0
20170519,AL1707.SHF,14030.0,13995.0,191010.0,1336821.965,265264.0
20170518,AL1707.SHF,13930.0,13985.0,162400.0,1135682.36,266386.0
20170517,AL1707.SHF,14055.0,14030.0,172428.0,1209726.64,264724.0
20170516,AL1707.SHF,13965.0,13975.0,184580.0,1290160.895,262936.0
20170515,AL1707.SHF,13985.0,13920.0,191484.0,1332986.6,255472.0
20170512,AL1707.SHF,13855.0,13830.0,241470.0,1670095.215,258870.0
20170511,AL1707.SHF,13845.0,13805.0,229888.0,1586831.825,261936.0
20170510,AL1707.SHF,13845.0,13835.0,154126.0,1066321.835,249576.0
20170509,AL1707.SHF,13855.0,13795.0,155994.0,1076051.255,245642.0
20170508,AL1706.SHF,13695.0,13820.0,313692.0,2168087.43,223864.0
20170505,AL1706.SHF,13950.0,13925.0,263886.0,1837870.92,228848.0
20170504,AL1706.SHF,13890.0,13885.0,281382.0,1954021.48,241482.0
20170503,AL1706.SHF,13960.0,13925.0,203724.0,1418897.735,245578.0
20170502,AL1706.SHF,13855.0,14005.0,251818.0,1763394.315,258798.0
20170428,AL1706.SHF,14015.0,14230.0,386486.0,2750712.995,281130.0
20170427,AL1706.SHF,14375.0,14385.0,237528.0,1708627.83,305070.0
20170426,AL1706.SHF,14375.0,14435.0,363414.0,2623168.95,309530.0
20170425,AL1706.SHF,14375.0,14330.0,350822.0,2514231.565,318970.0
20170424,AL1706.SHF,14330.0,14265.0,310140.0,2212641.335,311426.0
20170421,AL1706.SHF,14355.0,14380.0,326252.0,2345818.76,323996.0
20170420,AL1706.SHF,14350.0,14210.0,438790.0,3117951.435,322064.0
20170419,AL1706.SHF,14255.0,14290.0,491608.0,3513147.73,318802.0
20170418,AL1706.SHF,14495.0,14495.0,346366.0,2510386.945,338208.0
20170417,AL1706.SHF,14485.0,14535.0,564666.0,4104602.465,335724.0
20170414,AL1706.SHF,14225.0,14165.0,304552.0,2157552.08,305912.0
20170413,AL1706.SHF,14125.0,14010.0,407398.0,2854058.215,282878.0
20170412,AL1706.SHF,13970.0,14025.0,384342.0,2695896.375,257978.0
20170411,AL1705.SHF,13870.0,13940.0,217656.0,1517239.14,218516.0
20170410,AL1705.SHF,14070.0,14060.0,232078.0,1631754.44,250024.0
20170407,AL1705.SHF,14005.0,14020.0,241162.0,1690995.77,252924.0
20170406,AL1705.SHF,14095.0,14120.0,186456.0,1316448.76,267862.0
20170405,AL1705.SHF,14160.0,14085.0,227174.0,1599941.98,269514.0
20170331,AL1705.SHF,13995.0,13895.0,345774.0,2402933.99,268522.0
20170330,AL1705.SHF,13820.0,13835.0,227440.0,1573644.63,269194.0
20170329,AL1705.SHF,13835.0,13780.0,305598.0,2106189.28,276548.0
20170328,AL1705.SHF,13650.0,13640.0,327854.0,2236643.525,287524.0
20170327,AL1705.SHF,13715.0,13680.0,328544.0,2247606.24,305358.0
20170324,AL1705.SHF,13695.0,13760.0,301262.0,2072980.785,304162.0
20170323,AL1705.SHF,13835.0,13795.0,363300.0,2506037.42,294422.0
20170322,AL1705.SHF,13805.0,13845.0,366470.0,2536912.885,296214.0
20170321,AL1705.SHF,13880.0,13805.0,287178.0,1982851.575,308716.0
20170320,AL1705.SHF,13770.0,13810.0,226636.0,1564923.715,306562.0
20170317,AL1705.SHF,13760.0,13850.0,253426.0,1755572.81,303128.0
20170316,AL1705.SHF,13960.0,13845.0,374822.0,2595041.885,301200.0
20170315,AL1705.SHF,13750.0,13705.0,283110.0,1940158.115,293878.0
20170314,AL1705.SHF,13655.0,13760.0,338292.0,2327727.34,301798.0
20170313,AL1705.SHF,13880.0,13855.0,346136.0,2398717.545,300436.0
20170310,AL1705.SHF,13930.0,13780.0,269530.0,1857081.645,292230.0
20170309,AL1705.SHF,13675.0,13740.0,241154.0,1657247.97,284362.0
20170308,AL1705.SHF,13805.0,13865.0,197562.0,1369683.925,283790.0
20170307,AL1705.SHF,13850.0,13850.0,125948.0,872432.425,273954.0
20170306,AL1705.SHF,13830.0,14030.0,201920.0,1416960.685,268504.0
20170303,AL1704.SHF,14165.0,14025.0,256302.0,1797911.65,228312.0
20170302,AL1704.SHF,14145.0,14195.0,248184.0,1761880.505,243264.0
20170301,AL1704.SHF,14180.0,14030.0,345876.0,2426487.485,247298.0
20170228,AL1704.SHF,13770.0,13825.0,297368.0,2055946.29,249886.0
20170227,AL1704.SHF,13755.0,13805.0,305876.0,2111651.935,261174.0
20170224,AL1704.SHF,13715.0,13740.0,350992.0,2411738.92,273230.0
20170223,AL1704.SHF,13840.0,13945.0,310220.0,2163393.33,290140.0
20170222,AL1704.SHF,13955.0,14120.0,342076.0,2415452.235,306374.0
20170221,AL1704.SHF,14225.0,14265.0,295984.0,2111155.49,314080.0
20170220,AL1704.SHF,14145.0,14050.0,323658.0,2273993.47,310782.0
20170217,AL1704.SHF,14065.0,14240.0,364188.0,2593612.09,316864.0
20170216,AL1704.SHF,14365.0,14420.0,407896.0,2941690.12,319268.0
20170215,AL1704.SHF,14345.0,14355.0,443094.0,3180936.87,322038.0
20170214,AL1704.SHF,14415.0,14210.0,426604.0,3031684.3,323084.0
20170213,AL1704.SHF,14035.0,14005.0,260788.0,1826694.495,271986.0
20170210,AL1704.SHF,13835.0,13820.0,149256.0,1031513.02,254890.0
20170209,AL1704.SHF,13810.0,13865.0,127990.0,887314.945,255080.0
20170208,AL1704.SHF,13775.0,13725.0,116576.0,800261.835,247574.0
20170207,AL1703.SHF,13600.0,13620.0,156072.0,1063179.06,225024.0
20170206,AL1703.SHF,13630.0,13760.0,220494.0,1517515.065,228002.0
20170203,AL1703.SHF,13760.0,13750.0,115482.0,794153.225,228000.0
20170126,AL1703.SHF,13835.0,13815.0,280242.0,1936141.075,233714.0
20170125,AL1703.SHF,14050.0,14020.0,365258.0,2560670.645,257794.0
20170124,AL1703.SHF,13725.0,13740.0,224188.0,1540268.515,272582.0
20170123,AL1703.SHF,13690.0,13700.0,476428.0,3264276.48,294896.0
20170120,AL1703.SHF,13335.0,13380.0,230820.0,1544320.58,296878.0
20170119,AL1703.SHF,13355.0,13355.0,215184.0,1437023.575,305642.0
20170118,AL1703.SHF,13335.0,13350.0,222246.0,1483955.385,310268.0
20170117,AL1703.SHF,13320.0,13375.0,332966.0,2226800.17,307736.0
20170116,AL1703.SHF,13390.0,13395.0,293590.0,1966965.945,310520.0
20170113,AL1703.SHF,13395.0,13405.0,432108.0,2897131.985,306090.0
20170112,AL1703.SHF,13280.0,13070.0,296242.0,1935950.545,293964.0
20170111,AL1703.SHF,13040.0,12960.0,297438.0,1927481.31,285908.0
20170110,AL1703.SHF,12870.0,12695.0,299154.0,1899427.3,290586.0
20170109,AL1703.SHF,12580.0,12625.0,196060.0,1238089.625,282886.0
20170106,AL1703.SHF,12510.0,12590.0,125592.0,790622.47,271096.0
20170105,AL1703.SHF,12595.0,12650.0,138436.0,875703.25,256458.0
20170104,AL1703.SHF,12680.0,12610.0,128864.0,812656.965,234466.0
20170103,AL1703.SHF,12630.0,12715.0,83942.0,533767.25,221854.0
20161230,AL1702.SHF,12795.0,12755.0,214938.0,1371302.36,200226.0
20161229,AL1702.SHF,12720.0,12645.0,185226.0,1171198.47,224934.0
20161228,AL1702.SHF,12650.0,12805.0,223894.0,1433897.79,234496.0
20161227,AL1702.SHF,12790.0,12710.0,181280.0,1152316.83,238486.0
20161226,AL1702.SHF,12640.0,12600.0,249754.0,1574055.75,246292.0
20161223,AL1702.SHF,12700.0,12770.0,237702.0,1518080.85,255262.0
20161222,AL1702.SHF,12800.0,12855.0,212028.0,1362865.875,251370.0
20161221,AL1702.SHF,12880.0,12775.0,232076.0,1482884.575,272976.0
20161220,AL1702.SHF,12665.0,12635.0,243730.0,1540182.225,296030.0
20161219,AL1702.SHF,12630.0,12740.0,277128.0,1765831.48,304270.0
20161216,AL1702.SHF,12915.0,12980.0,232046.0,1506100.51,297952.0
20161215,AL1702.SHF,13005.0,12930.0,363828.0,2352395.69,291456.0
20161214,AL1702.SHF,13040.0,13125.0,320318.0,2102689.18,271064.0
20161213,AL1702.SHF,13300.0,13360.0,225086.0,1503821.675,258702.0
20161212,AL1702.SHF,13445.0,13450.0,356510.0,2397642.225,260944.0
20161209,AL1702.SHF,13320.0,13220.0,412274.0,2725264.535,276480.0
20161208,AL1702.SHF,13110.0,13110.0,364188.0,2388026.35,289490.0
20161207,AL1702.SHF,13120.0,13055.0,376068.0,2455394.49,287240.0
20161206,AL1702.SHF,13165.0,13225.0,295638.0,1955186.705,283794.0
20161205,AL1702.SHF,13185.0,13275.0,285818.0,1897779.98,271380.0
20161202,AL1702.SHF,13325.0,13340.0,244004.0,1627745.81,242520.0
20161201,AL1702.SHF,13355.0,13350.0,212596.0,1419295.275,232956.0
20161130,AL1702.SHF,13145.0,13255.0,225884.0,1497288.94,235782.0
20161129,AL1702.SHF,13420.0,13630.0,237194.0,1616597.325,229220.0
20161128,AL1702.SHF,13975.0,13900.0,187198.0,1301447.21,227380.0
20161125,AL1702.SHF,13825.0,13825.0,163316.0,1129292.525,220422.0
20161124,AL1702.SHF,13900.0,13920.0,234918.0,1635225.945,219524.0
20161123,AL1702.SHF,13860.0,13945.0,104710.0,730110.41,203394.0
20161122,AL1701.SHF,14210.0,14150.0,374006.0,2646277.105,191742.0
20161121,AL1701.SHF,14090.0,13800.0,409674.0,2827311.145,203440.0
20161118,AL1701.SHF,13635.0,13545.0,360164.0,2439286.845,201068.0
20161117,AL1701.SHF,13430.0,13445.0,359502.0,2416829.79,212194.0
20161116,AL1701.SHF,13600.0,13720.0,431322.0,2959742.745,217268.0
20161115,AL1701.SHF,13800.0,14145.0,597190.0,4224269.06,218096.0
20161114,AL1701.SHF,14330.0,14220.0,793962.0,5645580.045,222388.0
20161111,AL1701.SHF,14105.0,14090.0,442056.0,3114770.04,228928.0
20161110,AL1701.SHF,14060.0,13880.0,536290.0,3722666.455,241474.0
20161109,AL1701.SHF,13490.0,13520.0,468358.0,3167076.24,216636.0
20161108,AL1701.SHF,13355.0,13375.0,302074.0,2020373.095,211964.0
20161107,AL1701.SHF,13340.0,13395.0,338492.0,2267766.925,204920.0
20161104,AL1701.SHF,13245.0,13385.0,287006.0,1921358.395,203836.0
20161103,AL1701.SHF,13410.0,13305.0,260894.0,1735985.245,192384.0
20161102,AL1612.SHF,13555.0,13840.0,192448.0,1331993.48,161690.0
20161101,AL1612.SHF,14115.0,14120.0,224166.0,1583081.36,188092.0
20161031,AL1612.SHF,14100.0,14060.0,359262.0,2525992.25,204846.0
20161028,AL1612.SHF,13860.0,13795.0,332560.0,2294532.915,214640.0
20161027,AL1612.SHF,13530.0,13540.0,309382.0,2095147.32,214614.0
20161026,AL1612.SHF,13620.0,13700.0,543864.0,3726239.61,207904.0
20161025,AL1612.SHF,13300.0,13090.0,196192.0,1284441.12,224526.0
20161024,AL1612.SHF,12930.0,12790.0,200718.0,1283984.745,227772.0
20161021,AL1612.SHF,12630.0,12605.0,143252.0,903133.895,230600.0
20161020,AL1612.SHF,12575.0,12610.0,127564.0,804386.57,237874.0
20161019,AL1612.SHF,12590.0,12680.0,189492.0,1201776.03,236698.0
20161018,AL1612.SHF,12785.0,12700.0,126208.0,801723.5,244694.0
20161017,AL1612.SHF,12720.0,12740.0,188756.0,1202803.815,239878.0
20161014,AL1612.SHF,12865.0,12860.0,192156.0,1235751.525,244610.0
20161013,AL1612.SHF,12765.0,12750.0,164466.0,1048528.315,225132.0
20161012,AL1612.SHF,12665.0,12635.0,170886.0,1079862.525,204136.0
20161011,AL1612.SHF,12710.0,12650.0,130360.0,824703.095,196636.0
20161010,AL1612.SHF,12580.0,12480.0,95090.0,593584.94,179652.0
20160930,AL1612.SHF,12270.0,12295.0,54748.0,336658.82,172868.0
20160929,AL1612.SHF,12350.0,12360.0,111738.0,690626.895,172330.0
20160928,AL1611.SHF,12445.0,12430.0,115466.0,717849.38,163228.0
20160927,AL1611.SHF,12495.0,12480.0,149292.0,931794.49,171774.0
20160926,AL1611.SHF,12420.0,12415.0,161124.0,1000259.065,168408.0
20160923,AL1611.SHF,12495.0,12430.0,186206.0,1157518.41,183554.0
20160922,AL1611.SHF,12310.0,12250.0,151512.0,928336.22,193246.0
20160921,AL1611.SHF,12145.0,12115.0,134810.0,816807.06,201986.0
20160920,AL1611.SHF,12065.0,12035.0,132564.0,797886.615,211084.0
20160919,AL1611.SHF,11915.0,11915.0,76484.0,455702.905,227986.0
20160914,AL1611.SHF,11875.0,11925.0,149656.0,892496.485,226064.0
20160913,AL1611.SHF,12025.0,12025.0,101988.0,613234.725,215834.0
20160912,AL1611.SHF,11960.0,11975.0,113940.0,682238.84,233992.0
20160909,AL1611.SHF,12050.0,12035.0,97082.0,584297.07,230914.0
20160908,AL1611.SHF,11990.0,11985.0,114328.0,685175.885,237304.0
20160907,AL1611.SHF,12010.0,12010.0,124304.0,746451.895,235340.0
20160906,AL1611.SHF,11995.0,11925.0,172430.0,1028237.165,242198.0
20160905,AL1611.SHF,11965.0,12040.0,221590.0,1334446.985,224970.0
20160902,AL1611.SHF,12205.0,12180.0,107270.0,653458.935,164336.0
20160901,AL1610.SHF,12230.0,12210.0,84856.0,518228.7,154718.0
20160831,AL1610.SHF,12215.0,12300.0,111132.0,683620.15,160826.0
20160830,AL1610.SHF,12320.0,12340.0,72000.0,444253.235,165894.0
20160829,AL1610.SHF,12345.0,12390.0,102356.0,634234.915,171010.0
20160826,AL1610.SHF,12370.0,12365.0,111038.0,686704.23,174710.0
20160825,AL1610.SHF,12340.0,12335.0,114524.0,706564.1,184048.0
20160824,AL1610.SHF,12420.0,12435.0,71036.0,441797.22,190990.0
20160823,AL1610.SHF,12440.0,12385.0,95362.0,590716.885,196388.0
20160822,AL1610.SHF,12375.0,12495.0,195852.0,1223914.995,206244.0
20160819,AL1610.SHF,12685.0,12675.0,168504.0,1068115.795,244700.0
20160818,AL1610.SHF,12780.0,12595.0,235560.0,1483573.62,252598.0
20160817,AL1610.SHF,12450.0,12430.0,106126.0,659715.215,202854.0
20160816,AL1610.SHF,12430.0,12395.0,115670.0,717096.345,211308.0
20160815,AL1610.SHF,12295.0,12310.0,119434.0,735234.88,198428.0
20160812,AL1610.SHF,12350.0,12345.0,75136.0,463907.95,202034.0
20160811,AL1610.SHF,12390.0,12405.0,103748.0,643527.95,202964.0
20160810,AL1610.SHF,12465.0,12385.0,123252.0,763432.74,211156.0
20160809,AL1610.SHF,12310.0,12330.0,128862.0,794750.42,199820.0
20160808,AL1610.SHF,12385.0,12310.0,171128.0,1053424.675,195008.0
20160805,AL1610.SHF,12220.0,12125.0,136198.0,825798.12,178134.0
20160804,AL1610.SHF,12065.0,12065.0,100416.0,605963.44,183016.0
20160803,AL1610.SHF,12050.0,12120.0,108294.0,656426.885,180308.0
20160802,AL1610.SHF,12205.0,12175.0,79720.0,485378.11,158440.0
20160801,AL1609.SHF,12325.0,12310.0,81400.0,501178.2,139518.0
20160729,AL1609.SHF,12260.0,12280.0,110912.0,681048.285,150804.0
20160728,AL1609.SHF,12345.0,12205.0,153174.0,934943.17,160690.0
20160727,AL1609.SHF,12070.0,12090.0,141782.0,857375.93,178604.0
20160726,AL1609.SHF,12120.0,12150.0,86604.0,526299.65,181170.0
20160725,AL1609.SHF,12190.0,12165.0,144064.0,876488.31,182574.0
20160722,AL1609.SHF,12160.0,12290.0,151792.0,932940.565,185732.0
20160721,AL1609.SHF,12390.0,12335.0,152210.0,938808.505,183340.0
20160720,AL1609.SHF,12330.0,12315.0,149712.0,921919.95,187574.0
20160719,AL1609.SHF,12280.0,12385.0,211724.0,1311282.085,201854.0
20160718,AL1609.SHF,12515.0,12600.0,142020.0,895023.455,206718.0
20160715,AL1609.SHF,12685.0,12670.0,121236.0,768203.495,215694.0
20160714,AL1609.SHF,12700.0,12640.0,148452.0,938498.445,215568.0
20160713,AL1609.SHF,12655.0,12625.0,257226.0,1623893.09,221860.0
20160712,AL1609.SHF,12500.0,12565.0,186242.0,1170164.775,217100.0
20160711,AL1609.SHF,12650.0,12615.0,182850.0,1153702.665,219986.0
20160708,AL1609.SHF,12565.0,12500.0,190794.0,1192649.7,207458.0
20160707,AL1609.SHF,12460.0,12535.0,279126.0,1749565.32,196612.0
20160706,AL1609.SHF,12480.0,12435.0,268018.0,1666780.47,190086.0
20160705,AL1609.SHF,12480.0,12400.0,243116.0,1507897.845,184638.0
20160704,AL1609.SHF,12535.0,12640.0,265260.0,1676517.84,192366.0
20160701,AL1608.SHF,12760.0,12650.0,147724.0,934647.805,155210.0
20160630,AL1608.SHF,12530.0,12460.0,170332.0,1061168.945,164724.0
20160629,AL1608.SHF,12365.0,12400.0,131212.0,813623.67,169034.0
20160628,AL1608.SHF,12385.0,12375.0,116112.0,718490.595,179588.0
20160627,AL1608.SHF,12375.0,12310.0,170286.0,1048262.245,181716.0
20160624,AL1608.SHF,12170.0,12280.0,192334.0,1181030.435,186774.0
20160623,AL1608.SHF,12335.0,12315.0,154820.0,953371.005,195992.0
20160622,AL1608.SHF,12345.0,12280.0,238118.0,1462410.915,195192.0
20160621,AL1608.SHF,12205.0,12150.0,217738.0,1323149.77,201490.0
20160620,AL1608.SHF,12100.0,12020.0,192464.0,1156744.25,203438.0
20160617,AL1608.SHF,11985.0,11920.0,128992.0,768975.295,201532.0
20160616,AL1608.SHF,11915.0,11910.0,148418.0,884185.085,205754.0
20160615,AL1608.SHF,11870.0,11825.0,118516.0,700884.71,208330.0
20160614,AL1608.SHF,11855.0,11910.0,255184.0,1519657.035,206970.0
20160613,AL1608.SHF,11850.0,11830.0,136040.0,804740.69,230756.0
20160608,AL1608.SHF,11870.0,11755.0,241406.0,1418953.875,242234.0
20160607,AL1608.SHF,11655.0,11715.0,298698.0,1749861.86,265440.0
20160606,AL1608.SHF,11780.0,11865.0,309120.0,1833962.885,245704.0
20160603,AL1608.SHF,11905.0,11960.0,234004.0,1399596.535,214978.0
20160602,AL1608.SHF,12145.0,12065.0,178172.0,1074826.255,191924.0
20160601,AL1607.SHF,12090.0,12180.0,138866.0,845994.92,179966.0
20160531,AL1607.SHF,12260.0,12305.0,148640.0,914656.58,197334.0
20160530,AL1607.SHF,12295.0,12255.0,180440.0,1106057.01,210776.0
20160527,AL1607.SHF,12220.0,12145.0,271156.0,1646971.815,211172.0
20160526,AL1607.SHF,12185.0,12040.0,292252.0,1759689.675,218172.0
20160525,AL1607.SHF,12065.0,12145.0,302810.0,1839207.24,233592.0
20160524,AL1607.SHF,12270.0,12285.0,171758.0,1055298.525,253582.0
20160523,AL1607.SHF,12275.0,12370.0,229128.0,1417327.46,258762.0
20160520,AL1607.SHF,12435.0,12360.0,154288.0,953764.83,266834.0
20160519,AL1607.SHF,12325.0,12330.0,181804.0,1121079.285,266412.0
20160518,AL1607.SHF,12270.0,12360.0,191306.0,1182297.255,273490.0
20160517,AL1607.SHF,12435.0,12360.0,219754.0,1358260.69,278820.0
20160516,AL1607.SHF,12225.0,12160.0,211712.0,1287518.955,270528.0
20160513,AL1607.SHF,12070.0,12015.0,252344.0,1516400.89,256480.0
20160512,AL1607.SHF,12170.0,12145.0,190054.0,1154261.755,253558.0
20160511,AL1607.SHF,12120.0,12000.0,189674.0,1138233.095,252526.0
20160510,AL1607.SHF,11910.0,11905.0,240472.0,1431760.555,249230.0
20160509,AL1607.SHF,12055.0,12215.0,254028.0,1551490.695,264462.0
20160506,AL1607.SHF,12340.0,12340.0,274898.0,1696749.735,270046.0
20160505,AL1607.SHF,12455.0,12495.0,161326.0,1008103.865,280228.0
20160504,AL1607.SHF,12475.0,12570.0,207928.0,1307138.185,283696.0
20160503,AL1607.SHF,12755.0,12735.0,111152.0,707996.495,285618.0
20160429,AL1607.SHF,12680.0,12605.0,159098.0,1002999.595,284564.0
20160428,AL1607.SHF,12480.0,12630.0,373434.0,2359154.475,279362.0
20160427,AL1606.SHF,12820.0,12850.0,225278.0,1447487.085,236148.0
20160426,AL1606.SHF,12790.0,12840.0,258076.0,1656954.465,252650.0
20160425,AL1606.SHF,12885.0,12900.0,525606.0,3390946.475,255694.0
20160422,AL1606.SHF,12805.0,12575.0,548556.0,3449341.9,271754.0
20160421,AL1606.SHF,12400.0,12315.0,339418.0,2090310.74,247488.0
20160420,AL1606.SHF,12075.0,12065.0,149904.0,904634.99,249360.0
20160419,AL1606.SHF,12035.0,11995.0,126866.0,761194.985,268162.0
20160418,AL1606.SHF,11955.0,11950.0,140130.0,837397.69,276302.0
20160415,AL1606.SHF,11960.0,11960.0,131570.0,786993.85,278472.0
20160414,AL1606.SHF,11960.0,11995.0,168504.0,1010801.425,281402.0
20160413,AL1606.SHF,11945.0,11960.0,274114.0,1639557.67,281384.0
20160412,AL1606.SHF,11785.0,11790.0,87924.0,518352.63,277386.0
20160411,AL1606.SHF,11775.0,11755.0,143912.0,846086.565,272308.0
20160408,AL1606.SHF,11635.0,11665.0,162978.0,950584.705,260446.0
20160407,AL1606.SHF,11780.0,11770.0,121118.0,713066.62,256784.0
20160406,AL1606.SHF,11765.0,11830.0,149362.0,883610.655,251514.0
20160405,AL1606.SHF,11850.0,11875.0,83516.0,495955.425,245412.0
20160401,AL1606.SHF,11865.0,11830.0,104802.0,620099.71,242438.0
20160331,AL1606.SHF,11750.0,11735.0,88830.0,521244.715,223770.0
20160330,AL1605.SHF,11740.0,11735.0,107466.0,630626.685,199590.0
20160329,AL1605.SHF,11755.0,11810.0,183126.0,1081467.89,211004.0
20160328,AL1605.SHF,11740.0,11760.0,164850.0,969343.95,211640.0
20160325,AL1605.SHF,11700.0,11640.0,174076.0,1013335.485,211914.0
20160324,AL1605.SHF,11525.0,11540.0,241820.0,1395682.855,190994.0
20160323,AL1605.SHF,11500.0,11505.0,95008.0,546753.845,210446.0
20160322,AL1605.SHF,11515.0,11515.0,94936.0,546732.135,224414.0
20160321,AL1605.SHF,11485.0,11485.0,154720.0,888728.375,223520.0
20160318,AL1605.SHF,11455.0,11435.0,158696.0,907586.065,224098.0
20160317,AL1605.SHF,11340.0,11305.0,94516.0,534462.03,223070.0
20160316,AL1605.SHF,11275.0,11265.0,110250.0,621140.295,229948.0
20160315,AL1605.SHF,11300.0,11315.0,125840.0,712045.235,231462.0
20160314,AL1605.SHF,11335.0,11375.0,141928.0,807484.015,232508.0
20160311,AL1605.SHF,11375.0,11315.0,145504.0,823341.385,230998.0
20160310,AL1605.SHF,11315.0,11335.0,168332.0,954179.63,235698.0
20160309,AL1605.SHF,11370.0,11335.0,296444.0,1680828.45,241844.0
20160308,AL1605.SHF,11535.0,11500.0,324148.0,1864410.57,251428.0
20160307,AL1605.SHF,11455.0,11475.0,353800.0,2030560.3,258844.0
20160304,AL1605.SHF,11435.0,11410.0,227818.0,1299825.33,249040.0
20160303,AL1605.SHF,11365.0,11330.0,126498.0,716666.89,250702.0
20160302,AL1605.SHF,11325.0,11255.0,181264.0,1020271.655,251728.0
20160301,AL1605.SHF,11225.0,11245.0,170132.0,956959.31,236644.0
20160229,AL1605.SHF,11300.0,11350.0,150710.0,855620.41,225128.0
20160226,AL1604.SHF,11265.0,11265.0,218430.0,1230308.66,209664.0
20160225,AL1604.SHF,11230.0,11245.0,190750.0,1072761.815,217282.0
20160224,AL1604.SHF,11150.0,11145.0,140616.0,783765.075,221226.0
20160223,AL1604.SHF,11225.0,11210.0,161226.0,904050.32,235416.0
20160222,AL1604.SHF,11210.0,11165.0,220932.0,1233551.855,250208.0
20160219,AL1604.SHF,11060.0,11015.0,139926.0,770673.535,247286.0
20160218,AL1604.SHF,10965.0,10985.0,122812.0,674792.375,247736.0
20160217,AL1604.SHF,10980.0,11035.0,230950.0,1274271.56,245582.0
20160216,AL1604.SHF,11045.0,10970.0,282232.0,1548494.19,257796.0
20160215,AL1604.SHF,10875.0,10815.0,76200.0,412145.58,221772.0
20160205,AL1604.SHF,10800.0,10835.0,114566.0,620691.51,211336.0
20160204,AL1604.SHF,10900.0,10805.0,157238.0,849696.4,219032.0
20160203,AL1604.SHF,10710.0,10680.0,105984.0,566158.76,219654.0
20160202,AL1604.SHF,10675.0,10665.0,64828.0,345702.525,230296.0
20160201,AL1604.SHF,10645.0,10690.0,116952.0,625131.11,230270.0
20160129,AL1604.SHF,10755.0,10760.0,53342.0,286989.075,213990.0
20160128,AL1604.SHF,10760.0,10815.0,86776.0,469290.855,207472.0
20160127,AL1603.SHF,10785.0,10775.0,111832.0,602539.82,187974.0
20160126,AL1603.SHF,10725.0,10720.0,84460.0,452807.495,203108.0
20160125,AL1603.SHF,10710.0,10785.0,191878.0,1035168.365,211656.0
20160122,AL1603.SHF,10815.0,10735.0,198820.0,1067245.77,227416.0
20160121,AL1603.SHF,10655.0,10655.0,121300.0,646522.69,223790.0
20160120,AL1603.SHF,10690.0,10710.0,176180.0,943727.8,221784.0
20160119,AL1603.SHF,10810.0,10745.0,154372.0,829712.705,229454.0
20160118,AL1603.SHF,10725.0,10715.0,179042.0,959658.085,239268.0
20160115,AL1603.SHF,10650.0,10700.0,194338.0,1039995.855,261244.0
20160114,AL1603.SHF,10700.0,10660.0,279564.0,1490386.54,264572.0
20160113,AL1603.SHF,10595.0,10575.0,425636.0,2251469.435,280248.0
20160112,AL1603.SHF,10580.0,10735.0,455630.0,2445607.995,270492.0
20160111,AL1603.SHF,10815.0,10815.0,354386.0,1916489.89,249752.0
20160108,AL1603.SHF,10745.0,10690.0,293130.0,1567343.02,253098.0
20160107,AL1603.SHF,10675.0,10665.0,233816.0,1247147.315,247252.0
20160106,AL1603.SHF,10685.0,10690.0,203524.0,1088100.835,244508.0
20160105,AL1603.SHF,10770.0,10665.0,262764.0,1401551.37,245448.0
20160104,AL1603.SHF,10630.0,10680.0,218568.0,1167177.41,252556.0
20151231,AL1603.SHF,10820.0,10810.0,171442.0,926757.76,242690.0
20151230,AL1603.SHF,10785.0,10785.0,230546.0,1243794.715,247594.0
20151229,AL1603.SHF,10705.0,10625.0,237756.0,1263171.39,248000.0
20151228,AL1603.SHF,10555.0,10670.0,253944.0,1355420.785,261872.0
20151225,AL1603.SHF,10885.0,10875.0,117618.0,639794.08,247066.0
20151224,AL1603.SHF,10885.0,10865.0,150240.0,816521.395,247866.0
20151223,AL1603.SHF,10830.0,10780.0,123734.0,666933.625,236266.0
20151222,AL1603.SHF,10770.0,10775.0,117566.0,633643.93,225488.0
20151221,AL1603.SHF,10790.0,10695.0,152920.0,817779.07,216920.0
20151218,AL1603.SHF,10635.0,10575.0,151058.0,798762.865,221992.0
20151217,AL1603.SHF,10495.0,10515.0,187028.0,983377.345,234994.0
20151216,AL1602.SHF,10485.0,10500.0,275786.0,1448356.055,226276.0
20151215,AL1602.SHF,10500.0,10580.0,366546.0,1939314.905,238500.0
20151214,AL1602.SHF,10590.0,10595.0,441046.0,2337413.43,239512.0
20151211,AL1602.SHF,10665.0,10485.0,497982.0,2610971.365,243200.0
20151210,AL1602.SHF,10375.0,10440.0,697722.0,3642506.45,252590.0
20151209,AL1602.SHF,10455.0,10360.0,444832.0,2304531.98,265412.0
20151208,AL1602.SHF,10330.0,10290.0,428454.0,2205244.18,255950.0
20151207,AL1602.SHF,10290.0,10295.0,390364.0,2010014.635,273396.0
20151204,AL1602.SHF,10270.0,10200.0,415368.0,2118916.115,256716.0
20151203,AL1602.SHF,10180.0,10200.0,273672.0,1396325.06,252782.0
20151202,AL1602.SHF,10190.0,10215.0,338730.0,1730436.47,243070.0
20151201,AL1602.SHF,10110.0,10080.0,249800.0,1259551.585,251560.0
20151130,AL1602.SHF,10050.0,10165.0,384728.0,1955779.025,246002.0
20151127,AL1602.SHF,10365.0,10305.0,413112.0,2129481.825,242260.0
20151126,AL1602.SHF,10140.0,10005.0,339974.0,1701302.75,263642.0
20151125,AL1602.SHF,9805.0,9750.0,237152.0,1156470.75,284940.0
20151124,AL1602.SHF,9710.0,9670.0,254224.0,1229334.38,280714.0
20151123,AL1602.SHF,9810.0,9825.0,190074.0,934148.86,232360.0
20151120,AL1601.SHF,9935.0,9820.0,486316.0,2388535.685,221828.0
20151119,AL1601.SHF,9820.0,9895.0,300096.0,1485131.52,245892.0
20151118,AL1601.SHF,10025.0,10030.0,246388.0,1236014.275,237860.0
20151117,AL1601.SHF,10070.0,10045.0,288058.0,1447329.355,236438.0
20151116,AL1601.SHF,10105.0,10170.0,197318.0,1003494.98,249748.0
20151113,AL1601.SHF,10150.0,10100.0,266094.0,1343936.07,260302.0
20151112,AL1601.SHF,10130.0,10100.0,207274.0,1046805.015,273732.0
20151111,AL1601.SHF,10035.0,10100.0,449120.0,2268850.48,289988.0
20151110,AL1601.SHF,10270.0,10360.0,367240.0,1902584.585,294214.0
20151109,AL1601.SHF,10550.0,10565.0,227252.0,1200766.465,253638.0
20151106,AL1601.SHF,10545.0,10550.0,204850.0,1080917.235,237162.0
20151105,AL1601.SHF,10560.0,10560.0,307456.0,1623502.315,240998.0
20151104,AL1601.SHF,10510.0,10410.0,188926.0,983676.39,262388.0
20151103,AL1601.SHF,10375.0,10370.0,171460.0,889260.295,281060.0
20151102,AL1601.SHF,10315.0,10330.0,155648.0,804124.17,272842.0
20151030,AL1601.SHF,10350.0,10340.0,190944.0,987550.78,264788.0
20151029,AL1601.SHF,10345.0,10340.0,343486.0,1776509.69,260258.0
20151028,AL1601.SHF,10290.0,10430.0,333248.0,1738431.405,270278.0
20151027,AL1601.SHF,10525.0,10505.0,294012.0,1544372.105,215270.0
20151026,AL1601.SHF,10465.0,10465.0,357282.0,1869792.255,210262.0
20151023,AL1601.SHF,10620.0,10550.0,360684.0,1903159.705,189574.0
20151022,AL1601.SHF,10720.0,10780.0,114886.0,619462.055,162658.0
20151021,AL1512.SHF,10825.0,10880.0,108088.0,588048.955,145658.0
20151020,AL1512.SHF,11010.0,11040.0,66288.0,366050.115,152426.0
20151019,AL1512.SHF,11090.0,11195.0,78744.0,440786.385,163602.0
20151016,AL1512.SHF,11195.0,11235.0,51974.0,292091.15,179100.0
20151015,AL1512.SHF,11295.0,11330.0,60556.0,343175.09,183856.0
20151014,AL1512.SHF,11335.0,11415.0,76170.0,434792.48,183428.0
20151013,AL1512.SHF,11500.0,11510.0,52728.0,303454.805,174826.0
20151012,AL1512.SHF,11615.0,11610.0,69212.0,401785.195,171046.0
20151009,AL1512.SHF,11600.0,11500.0,93630.0,538576.975,159706.0
20151008,AL1512.SHF,11490.0,11555.0,39416.0,227743.985,161154.0
20150930,AL1512.SHF,11680.0,11645.0,31818.0,185286.175,151322.0
20150929,AL1512.SHF,11660.0,11660.0,42198.0,246027.515,149716.0
20150928,AL1512.SHF,11750.0,11770.0,19054.0,112164.47,147980.0
20150925,AL1512.SHF,11825.0,11825.0,33610.0,198743.41,141518.0
20150924,AL1512.SHF,11800.0,11790.0,35156.0,207320.825,141582.0
20150923,AL1512.SHF,11805.0,11805.0,46148.0,272423.175,135920.0
20150922,AL1512.SHF,11890.0,11885.0,29346.0,174426.115,124214.0
20150921,AL1512.SHF,11920.0,11985.0,35218.0,211114.195,118154.0
20150918,AL1511.SHF,12005.0,11985.0,23438.0,140487.6,110774.0
20150917,AL1511.SHF,11955.0,11935.0,19422.0,115912.14,112724.0
20150916,AL1511.SHF,11935.0,11915.0,18628.0,111000.56,114092.0
20150915,AL1511.SHF,11900.0,11930.0,27780.0,165757.26,114696.0
20150914,AL1511.SHF,12010.0,12015.0,25476.0,153081.51,116386.0
20150911,AL1511.SHF,12045.0,12025.0,24738.0,148788.675,117746.0
20150910,AL1511.SHF,12010.0,12015.0,37326.0,224326.955,117682.0
20150909,AL1511.SHF,12060.0,12010.0,54768.0,328970.4,118280.0
20150908,AL1511.SHF,11915.0,11885.0,24578.0,146091.605,115746.0
20150907,AL1511.SHF,11885.0,11865.0,18490.0,109727.6,119704.0
20150902,AL1511.SHF,11850.0,11840.0,19480.0,115345.18,120628.0
20150901,AL1511.SHF,11825.0,11825.0,50776.0,300302.675,121534.0
20150831,AL1511.SHF,11890.0,11945.0,33894.0,202476.01,120760.0
20150828,AL1511.SHF,11935.0,11920.0,31564.0,188177.46,119536.0
20150827,AL1510.SHF,11885.0,11865.0,26522.0,157382.795,115082.0
20150826,AL1510.SHF,11855.0,11900.0,40152.0,238984.175,117724.0
20150825,AL1510.SHF,11870.0,11865.0,41970.0,249020.2,121184.0
20150824,AL1510.SHF,11830.0,11885.0,55470.0,329768.765,126524.0
20150821,AL1510.SHF,11990.0,12040.0,25474.0,153386.375,131196.0
20150820,AL1510.SHF,12035.0,11990.0,26696.0,160051.9,133364.0
20150819,AL1510.SHF,11965.0,11940.0,25354.0,151377.3,136282.0
20150818,AL1510.SHF,11995.0,12020.0,16198.0,97373.13,138896.0
20150817,AL1510.SHF,12070.0,12080.0,24268.0,146615.975,139546.0
20150814,AL1510.SHF,12110.0,12110.0,21436.0,129825.755,140010.0
20150813,AL1510.SHF,12140.0,12180.0,52368.0,319042.155,140668.0
20150812,AL1510.SHF,12135.0,12085.0,49638.0,300034.23,144384.0
20150811,AL1510.SHF,12040.0,12055.0,50750.0,305987.86,146868.0
20150810,AL1510.SHF,11965.0,11975.0,27690.0,165804.57,153038.0
20150807,AL1510.SHF,11960.0,11965.0,37040.0,221656.37,150482.0
20150806,AL1510.SHF,12025.0,12065.0,25772.0,155483.9,148932.0
20150805,AL1510.SHF,12120.0,12125.0,18196.0,110332.505,145990.0
20150804,AL1510.SHF,12145.0,12110.0,31710.0,192008.35,144964.0
20150803,AL1510.SHF,12095.0,12170.0,45728.0,278278.915,147740.0
20150731,AL1510.SHF,12255.0,12260.0,27614.0,169293.67,140186.0
20150730,AL1510.SHF,12275.0,12295.0,23968.0,147371.4,137668.0
20150729,AL1510.SHF,12345.0,12360.0,38462.0,237783.65,137704.0
20150728,AL1510.SHF,12295.0,12245.0,25984.0,159124.62,145968.0
20150727,AL1510.SHF,12245.0,12295.0,22660.0,139312.775,145880.0
20150724,AL1510.SHF,12270.0,12280.0,29574.0,181603.105,146544.0
20150723,AL1510.SHF,12355.0,12320.0,34006.0,209512.61,141560.0
20150722,AL1510.SHF,12355.0,12390.0,34332.0,212764.995,134002.0
20150721,AL1510.SHF,12485.0,12465.0,14944.0,93153.555,122424.0
20150720,AL1509.SHF,12460.0,12450.0,17286.0,107634.83,116100.0
20150717,AL1509.SHF,12520.0,12510.0,19016.0,118958.29,118134.0
20150716,AL1509.SHF,12545.0,12505.0,54318.0,339650.31,117958.0
20150715,AL1509.SHF,12435.0,12420.0,15312.0,95114.99,123222.0
20150714,AL1509.SHF,12405.0,12445.0,20162.0,125500.755,123012.0
20150713,AL1509.SHF,12395.0,12400.0,18256.0,113219.27,124234.0
20150710,AL1509.SHF,12410.0,12450.0,42236.0,262925.005,124748.0
20150709,AL1509.SHF,12390.0,12290.0,88724.0,545293.78,122998.0
20150708,AL1509.SHF,12045.0,12145.0,178144.0,1082088.705,133002.0
20150707,AL1509.SHF,12430.0,12475.0,32074.0,200137.025,134944.0
20150706,AL1509.SHF,12500.0,12540.0,47018.0,294914.36,132748.0
20150703,AL1509.SHF,12675.0,12685.0,21954.0,139274.61,128006.0
20150702,AL1509.SHF,12670.0,12710.0,48928.0,310978.79,127104.0
20150701,AL1509.SHF,12500.0,12535.0,39706.0,248867.825,131554.0
20150630,AL1509.SHF,12625.0,12620.0,49992.0,315466.96,124950.0
20150629,AL1509.SHF,12735.0,12730.0,28260.0,179897.415,119202.0
20150626,AL1509.SHF,12760.0,12750.0,26572.0,169422.27,110602.0
20150625,AL1509.SHF,12755.0,12755.0,31384.0,200157.655,108422.0
20150624,AL1508.SHF,12780.0,12770.0,19922.0,127204.99,102928.0
20150623,AL1508.SHF,12760.0,12735.0,15674.0,99829.34,109444.0
20150619,AL1508.SHF,12690.0,12675.0,19792.0,125462.9,115164.0
20150618,AL1508.SHF,12675.0,12650.0,22242.0,140727.94,120800.0
20150617,AL1508.SHF,12675.0,12690.0,20752.0,131722.74,122972.0
20150616,AL1508.SHF,12705.0,12685.0,31858.0,202103.915,123400.0
20150615,AL1508.SHF,12675.0,12725.0,25236.0,160587.23,128062.0
20150612,AL1508.SHF,12755.0,12750.0,55882.0,356250.71,129630.0
20150611,AL1508.SHF,12835.0,12895.0,42472.0,273892.935,133236.0
20150610,AL1508.SHF,12930.0,12950.0,19994.0,129463.69,134944.0
20150609,AL1508.SHF,12950.0,12950.0,23802.0,154161.95,135144.0
20150608,AL1508.SHF,12950.0,12975.0,31406.0,203784.665,132024.0
20150605,AL1508.SHF,13010.0,13055.0,36360.0,237346.165,133402.0
20150604,AL1508.SHF,13105.0,13120.0,29702.0,194907.555,132794.0
20150603,AL1508.SHF,13140.0,13155.0,26250.0,172720.375,135252.0
20150602,AL1508.SHF,13155.0,13175.0,27010.0,177944.97,132758.0
20150601,AL1508.SHF,13175.0,13170.0,38608.0,254287.275,125170.0
20150529,AL1508.SHF,13225.0,13205.0,24516.0,161926.71,127372.0
20150528,AL1508.SHF,13175.0,13170.0,33002.0,217342.78,123802.0
20150527,AL1508.SHF,13195.0,13220.0,23774.0,157147.13,115126.0
20150526,AL1507.SHF,13200.0,13210.0,21340.0,140988.895,99678.0
20150525,AL1507.SHF,13180.0,13185.0,18972.0,125075.125,103968.0
20150522,AL1507.SHF,13215.0,13235.0,19482.0,128953.26,108620.0
20150521,AL1507.SHF,13245.0,13225.0,16286.0,107727.905,113198.0
20150520,AL1507.SHF,13170.0,13195.0,30172.0,199066.345,116398.0
20150519,AL1507.SHF,13235.0,13235.0,28858.0,191009.38,123172.0
20150518,AL1507.SHF,13285.0,13295.0,20192.0,134267.32,129200.0
20150515,AL1507.SHF,13335.0,13315.0,25600.0,170439.44,132026.0
20150514,AL1507.SHF,13330.0,13335.0,30664.0,204483.475,131988.0
20150513,AL1507.SHF,13380.0,13360.0,26398.0,176355.515,133478.0
20150512,AL1507.SHF,13315.0,13380.0,39718.0,265757.28,131570.0
20150511,AL1507.SHF,13480.0,13450.0,42292.0,284498.175,134282.0
20150508,AL1507.SHF,13455.0,13460.0,59728.0,402115.585,136138.0
20150507,AL1507.SHF,13460.0,13475.0,72870.0,491113.09,150382.0
20150506,AL1507.SHF,13580.0,13535.0,133430.0,903253.88,162078.0
20150505,AL1507.SHF,13370.0,13390.0,35878.0,240207.65,144926.0
20150504,AL1507.SHF,13420.0,13415.0,44714.0,299976.76,147352.0
20150430,AL1507.SHF,13345.0,13350.0,47484.0,317014.885,145898.0
20150429,AL1507.SHF,13305.0,13360.0,66102.0,441717.515,141968.0
20150428,AL1507.SHF,13320.0,13345.0,52922.0,353171.895,137144.0
20150427,AL1507.SHF,13360.0,13335.0,70880.0,472648.315,133392.0
20150424,AL1507.SHF,13230.0,13210.0,28630.0,189132.43,123644.0
20150423,AL1507.SHF,13210.0,13185.0,58130.0,383331.38,119028.0
20150422,AL1506.SHF,13150.0,13110.0,18334.0,120220.95,109822.0
20150421,AL1506.SHF,13095.0,13090.0,14598.0,95565.25,112870.0
20150420,AL1506.SHF,13110.0,13125.0,31388.0,206042.225,115256.0
20150417,AL1506.SHF,13190.0,13210.0,36348.0,240137.04,113880.0
20150416,AL1506.SHF,13180.0,13120.0,31486.0,206577.31,122168.0
20150415,AL1506.SHF,13060.0,13060.0,27882.0,182113.095,121674.0
20150414,AL1506.SHF,13020.0,13050.0,67982.0,443708.54,119072.0
20150413,AL1506.SHF,13105.0,13160.0,41976.0,276265.915,117146.0
20150410,AL1506.SHF,13265.0,13230.0,31024.0,205238.635,114990.0
20150409,AL1506.SHF,13255.0,13200.0,97334.0,642553.86,120416.0
20150408,AL1506.SHF,13385.0,13390.0,18402.0,123211.865,123756.0
20150407,AL1506.SHF,13410.0,13405.0,16288.0,109189.87,125520.0
20150403,AL1506.SHF,13375.0,13365.0,17410.0,116379.515,125408.0
20150402,AL1506.SHF,13370.0,13370.0,27312.0,182642.33,128402.0
20150401,AL1506.SHF,13370.0,13370.0,25522.0,170655.96,125400.0
20150331,AL1506.SHF,13370.0,13375.0,58312.0,390030.84,126646.0
20150330,AL1506.SHF,13310.0,13315.0,26856.0,178843.545,120146.0
20150327,AL1506.SHF,13330.0,13325.0,29912.0,199298.045,120896.0
20150326,AL1506.SHF,13300.0,13280.0,31306.0,207917.83,122146.0
20150325,AL1506.SHF,13315.0,13290.0,24568.0,163269.7,123150.0
20150324,AL1506.SHF,13315.0,13305.0,35658.0,237248.205,120410.0
20150323,AL1506.SHF,13295.0,13300.0,52396.0,348498.635,117938.0
20150320,AL1505.SHF,13265.0,13315.0,46606.0,310347.08,104086.0
20150319,AL1505.SHF,13290.0,13235.0,59452.0,393507.2,109150.0
20150318,AL1505.SHF,13140.0,13130.0,29222.0,191865.72,110184.0
20150317,AL1505.SHF,13090.0,13100.0,31158.0,204151.33,113148.0
20150316,AL1505.SHF,13100.0,13105.0,35454.0,232374.165,109868.0
20150313,AL1505.SHF,13110.0,13130.0,54878.0,360318.03,110196.0
20150312,AL1505.SHF,13120.0,13005.0,58044.0,377442.63,116542.0
20150311,AL1505.SHF,12900.0,12900.0,25678.0,165661.97,123242.0
20150310,AL1505.SHF,12915.0,12935.0,31078.0,201058.09,123238.0
20150309,AL1505.SHF,12940.0,12920.0,33936.0,219280.02,126206.0
20150306,AL1505.SHF,12940.0,12965.0,19934.0,129270.455,121236.0
20150305,AL1505.SHF,12975.0,12965.0,27402.0,177695.695,121018.0
20150304,AL1505.SHF,12970.0,12960.0,43946.0,284876.43,124584.0
20150303,AL1505.SHF,13020.0,13040.0,36124.0,235566.095,124222.0
20150302,AL1505.SHF,13095.0,13030.0,45394.0,295836.91,124192.0
20150227,AL1505.SHF,12965.0,13000.0,26980.0,175379.54,119332.0
20150226,AL1504.SHF,12980.0,12950.0,33526.0,217158.29,104990.0
20150225,AL1504.SHF,12990.0,13010.0,16314.0,106142.29,108462.0
20150217,AL1504.SHF,13060.0,13035.0,19590.0,127725.85,110034.0
20150216,AL1504.SHF,13060.0,13065.0,21448.0,140153.505,109892.0
20150213,AL1504.SHF,13080.0,13060.0,29074.0,189866.55,112718.0
20150212,AL1504.SHF,12990.0,12990.0,29642.0,192535.885,116708.0
20150211,AL1504.SHF,13035.0,13070.0,33430.0,218548.095,117494.0
20150210,AL1504.SHF,13155.0,13185.0,30268.0,199617.04,118844.0
20150209,AL1504.SHF,13235.0,13270.0,34228.0,227158.04,124518.0
20150206,AL1504.SHF,13360.0,13310.0,46732.0,311084.315,131290.0
20150205,AL1504.SHF,13235.0,13250.0,75206.0,498366.74,135176.0
20150204,AL1504.SHF,13225.0,13180.0,48574.0,320211.565,141478.0
20150203,AL1504.SHF,13160.0,13040.0,63988.0,417300.345,142264.0
20150202,AL1504.SHF,12885.0,12865.0,35638.0,229306.335,144530.0
20150130,AL1504.SHF,12810.0,12795.0,29420.0,188276.635,143652.0
20150129,AL1504.SHF,12830.0,12840.0,18792.0,120660.18,136722.0
20150128,AL1504.SHF,12865.0,12850.0,27478.0,176601.69,134836.0
20150127,AL1504.SHF,12900.0,12890.0,39026.0,251603.04,131160.0
20150126,AL1503.SHF,12775.0,12765.0,34984.0,223287.345,119076.0
20150123,AL1503.SHF,12815.0,12820.0,30180.0,193526.295,122420.0
20150122,AL1503.SHF,12825.0,12805.0,34910.0,223592.085,126454.0
20150121,AL1503.SHF,12775.0,12785.0,36746.0,234977.045,128830.0
20150120,AL1503.SHF,12775.0,12805.0,33438.0,214163.6,133104.0
20150119,AL1503.SHF,12845.0,12870.0,45928.0,295612.81,135432.0
20150116,AL1503.SHF,12820.0,12815.0,44358.0,284330.965,136906.0
20150115,AL1503.SHF,12840.0,12770.0,96998.0,619438.205,139916.0
20150114,AL1503.SHF,12620.0,12605.0,115790.0,730005.535,155188.0
20150113,AL1503.SHF,12750.0,12725.0,55832.0,355243.9,160048.0
20150112,AL1503.SHF,12770.0,12805.0,41144.0,263460.125,162158.0
20150109,AL1503.SHF,12855.0,12845.0,62750.0,403152.405,161134.0
20150108,AL1503.SHF,12805.0,12800.0,47172.0,301940.8,166856.0
20150107,AL1503.SHF,12760.0,12790.0,63712.0,407487.33,168550.0
20150106,AL1503.SHF,12845.0,12835.0,56276.0,361168.76,160562.0
20150105,AL1503.SHF,12895.0,12915.0,56386.0,364185.645,157426.0
